video_id,tag
TFFzNjWkhDk,data viz by luke
TFFzNjWkhDk,business intelligence
TFFzNjWkhDk,data science
TFFzNjWkhDk,bi
TFFzNjWkhDk,computer science
TFFzNjWkhDk,data nerd
TFFzNjWkhDk,data analyst
TFFzNjWkhDk,data scientist
TFFzNjWkhDk,how to
TFFzNjWkhDk,data project
TFFzNjWkhDk,data analytics
TFFzNjWkhDk,portfolio project
TFFzNjWkhDk,sql
TFFzNjWkhDk,excel
TFFzNjWkhDk,python
TFFzNjWkhDk,power bi
TFFzNjWkhDk,tableau
TFFzNjWkhDk,data engineer
_-DzZeixu0w,data viz by luke
_-DzZeixu0w,business intelligence
_-DzZeixu0w,data science
_-DzZeixu0w,bi
_-DzZeixu0w,computer science
_-DzZeixu0w,data nerd
_-DzZeixu0w,data analyst
_-DzZeixu0w,data scientist
_-DzZeixu0w,how to
_-DzZeixu0w,data project
_-DzZeixu0w,data analytics
_-DzZeixu0w,portfolio project
_-DzZeixu0w,sql
_-DzZeixu0w,excel
_-DzZeixu0w,python
_-DzZeixu0w,power bi
_-DzZeixu0w,tableau
_-DzZeixu0w,data engineer
mE6AbbllXr8,data viz by luke
mE6AbbllXr8,business intelligence
mE6AbbllXr8,data science
mE6AbbllXr8,bi
mE6AbbllXr8,computer science
mE6AbbllXr8,data nerd
mE6AbbllXr8,data analyst
mE6AbbllXr8,data scientist
mE6AbbllXr8,how to
mE6AbbllXr8,data project
mE6AbbllXr8,data analytics
mE6AbbllXr8,portfolio project
mE6AbbllXr8,sql
mE6AbbllXr8,excel
mE6AbbllXr8,python
mE6AbbllXr8,power bi
mE6AbbllXr8,tableau
mE6AbbllXr8,data engineer
FwjaHCVNBWA,data viz by luke
FwjaHCVNBWA,business intelligence
FwjaHCVNBWA,data science
FwjaHCVNBWA,bi
FwjaHCVNBWA,computer science
FwjaHCVNBWA,data nerd
FwjaHCVNBWA,data analyst
FwjaHCVNBWA,data scientist
FwjaHCVNBWA,how to
FwjaHCVNBWA,data project
FwjaHCVNBWA,data analytics
FwjaHCVNBWA,portfolio project
FwjaHCVNBWA,sql
FwjaHCVNBWA,excel
FwjaHCVNBWA,python
FwjaHCVNBWA,power bi
FwjaHCVNBWA,tableau
FwjaHCVNBWA,data engineer
QKIGsShyEsQ,data viz by luke
QKIGsShyEsQ,business intelligence
QKIGsShyEsQ,data science
QKIGsShyEsQ,bi
QKIGsShyEsQ,computer science
QKIGsShyEsQ,data nerd
QKIGsShyEsQ,data analyst
QKIGsShyEsQ,data scientist
QKIGsShyEsQ,how to
QKIGsShyEsQ,data project
QKIGsShyEsQ,data analytics
QKIGsShyEsQ,portfolio project
QKIGsShyEsQ,sql
QKIGsShyEsQ,excel
QKIGsShyEsQ,python
QKIGsShyEsQ,power bi
QKIGsShyEsQ,tableau
QKIGsShyEsQ,data engineer
JFA7H1uJ8wU,data viz by luke
JFA7H1uJ8wU,business intelligence
JFA7H1uJ8wU,data science
JFA7H1uJ8wU,bi
JFA7H1uJ8wU,computer science
JFA7H1uJ8wU,data nerd
JFA7H1uJ8wU,data analyst
JFA7H1uJ8wU,data scientist
JFA7H1uJ8wU,how to
JFA7H1uJ8wU,data project
JFA7H1uJ8wU,data analytics
JFA7H1uJ8wU,portfolio project
JFA7H1uJ8wU,sql
JFA7H1uJ8wU,excel
JFA7H1uJ8wU,python
JFA7H1uJ8wU,power bi
JFA7H1uJ8wU,tableau
JFA7H1uJ8wU,data engineer
sk-lnOX_9No,data viz by luke
sk-lnOX_9No,business intelligence
sk-lnOX_9No,data science
sk-lnOX_9No,bi
sk-lnOX_9No,computer science
sk-lnOX_9No,data nerd
sk-lnOX_9No,data analyst
sk-lnOX_9No,data scientist
sk-lnOX_9No,how to
sk-lnOX_9No,data project
sk-lnOX_9No,data analytics
sk-lnOX_9No,portfolio project
sk-lnOX_9No,sql
sk-lnOX_9No,excel
sk-lnOX_9No,python
sk-lnOX_9No,power bi
sk-lnOX_9No,tableau
sk-lnOX_9No,data engineer
8qWtU51lxpM,data viz by luke
8qWtU51lxpM,business intelligence
8qWtU51lxpM,data science
8qWtU51lxpM,bi
8qWtU51lxpM,computer science
8qWtU51lxpM,data nerd
8qWtU51lxpM,data analyst
8qWtU51lxpM,data scientist
8qWtU51lxpM,how to
8qWtU51lxpM,data project
8qWtU51lxpM,data analytics
8qWtU51lxpM,portfolio project
8qWtU51lxpM,sql
8qWtU51lxpM,excel
8qWtU51lxpM,python
8qWtU51lxpM,power bi
8qWtU51lxpM,tableau
8qWtU51lxpM,data engineer
fYZGUjbsoA8,data viz by luke
fYZGUjbsoA8,data nerd
fYZGUjbsoA8,data analyst
fYZGUjbsoA8,how to
fYZGUjbsoA8,data analytics
fYZGUjbsoA8,portfolio project
fYZGUjbsoA8,notion
pCJ15nGFgVg,business intelligence
pCJ15nGFgVg,data science
pCJ15nGFgVg,bi
pCJ15nGFgVg,computer science
pCJ15nGFgVg,data nerd
pCJ15nGFgVg,data analyst
pCJ15nGFgVg,data scientist
pCJ15nGFgVg,how to
pCJ15nGFgVg,data project
pCJ15nGFgVg,data analytics
pCJ15nGFgVg,portfolio project
pCJ15nGFgVg,sql
pCJ15nGFgVg,excel
pCJ15nGFgVg,python
pCJ15nGFgVg,power bi
pCJ15nGFgVg,tableau
pCJ15nGFgVg,data engineer
pCJ15nGFgVg,excel tutorial
pCJ15nGFgVg,excel course
pCJ15nGFgVg,excel tutorial for data analyst
pCJ15nGFgVg,excel tutorial for beginners
wUSDVGivd-8,data viz by luke
wUSDVGivd-8,business intelligence
wUSDVGivd-8,data science
wUSDVGivd-8,bi
wUSDVGivd-8,computer science
wUSDVGivd-8,data nerd
wUSDVGivd-8,data analyst
wUSDVGivd-8,data scientist
wUSDVGivd-8,how to
wUSDVGivd-8,data project
wUSDVGivd-8,data analytics
wUSDVGivd-8,portfolio project
wUSDVGivd-8,sql
wUSDVGivd-8,excel
wUSDVGivd-8,python
wUSDVGivd-8,power bi
wUSDVGivd-8,tableau
wUSDVGivd-8,data engineer
qdhMfuGi0tA,data viz by luke
qdhMfuGi0tA,business intelligence
qdhMfuGi0tA,data science
qdhMfuGi0tA,bi
qdhMfuGi0tA,computer science
qdhMfuGi0tA,data nerd
qdhMfuGi0tA,data analyst
qdhMfuGi0tA,data scientist
qdhMfuGi0tA,how to
qdhMfuGi0tA,data project
qdhMfuGi0tA,data analytics
qdhMfuGi0tA,portfolio project
qdhMfuGi0tA,sql
qdhMfuGi0tA,excel
qdhMfuGi0tA,python
qdhMfuGi0tA,power bi
qdhMfuGi0tA,tableau
qdhMfuGi0tA,data engineer
vUKr5O-94z0,data viz by luke
vUKr5O-94z0,business intelligence
vUKr5O-94z0,data science
vUKr5O-94z0,bi
vUKr5O-94z0,computer science
vUKr5O-94z0,data nerd
vUKr5O-94z0,data analyst
vUKr5O-94z0,data scientist
vUKr5O-94z0,how to
vUKr5O-94z0,data project
vUKr5O-94z0,data analytics
vUKr5O-94z0,portfolio project
vUKr5O-94z0,sql
vUKr5O-94z0,excel
vUKr5O-94z0,python
vUKr5O-94z0,power bi
vUKr5O-94z0,tableau
vUKr5O-94z0,data engineer
7mz73uXD9DA,data viz by luke
7mz73uXD9DA,business intelligence
7mz73uXD9DA,data science
7mz73uXD9DA,bi
7mz73uXD9DA,computer science
7mz73uXD9DA,data nerd
7mz73uXD9DA,data analyst
7mz73uXD9DA,data scientist
7mz73uXD9DA,how to
7mz73uXD9DA,data project
7mz73uXD9DA,data analytics
7mz73uXD9DA,portfolio project
7mz73uXD9DA,sql
7mz73uXD9DA,excel
7mz73uXD9DA,python
7mz73uXD9DA,power bi
7mz73uXD9DA,tableau
7mz73uXD9DA,data engineer
Tfqj7tZdfTM,data viz by luke
Tfqj7tZdfTM,business intelligence
Tfqj7tZdfTM,data science
Tfqj7tZdfTM,bi
Tfqj7tZdfTM,computer science
Tfqj7tZdfTM,data nerd
Tfqj7tZdfTM,data analyst
Tfqj7tZdfTM,data scientist
Tfqj7tZdfTM,how to
Tfqj7tZdfTM,data project
Tfqj7tZdfTM,data analytics
Tfqj7tZdfTM,portfolio project
Tfqj7tZdfTM,sql
Tfqj7tZdfTM,excel
Tfqj7tZdfTM,python
Tfqj7tZdfTM,power bi
Tfqj7tZdfTM,tableau
Tfqj7tZdfTM,data engineer
z7t95HqI5Ok,data viz by luke
z7t95HqI5Ok,business intelligence
z7t95HqI5Ok,data science
z7t95HqI5Ok,bi
z7t95HqI5Ok,computer science
z7t95HqI5Ok,data nerd
z7t95HqI5Ok,data analyst
z7t95HqI5Ok,data scientist
z7t95HqI5Ok,how to
z7t95HqI5Ok,data project
z7t95HqI5Ok,data analytics
z7t95HqI5Ok,portfolio project
z7t95HqI5Ok,sql
z7t95HqI5Ok,excel
z7t95HqI5Ok,python
z7t95HqI5Ok,power bi
z7t95HqI5Ok,tableau
z7t95HqI5Ok,data engineer
uhyMqbZI6rM,data viz by luke
uhyMqbZI6rM,business intelligence
uhyMqbZI6rM,data science
uhyMqbZI6rM,bi
uhyMqbZI6rM,computer science
uhyMqbZI6rM,data nerd
uhyMqbZI6rM,data analyst
uhyMqbZI6rM,data scientist
uhyMqbZI6rM,how to
uhyMqbZI6rM,data project
uhyMqbZI6rM,data analytics
uhyMqbZI6rM,portfolio project
uhyMqbZI6rM,sql
uhyMqbZI6rM,excel
uhyMqbZI6rM,python
uhyMqbZI6rM,power bi
uhyMqbZI6rM,tableau
uhyMqbZI6rM,data engineer
F1ILGTXKUQM,data viz by luke
F1ILGTXKUQM,business intelligence
F1ILGTXKUQM,data science
F1ILGTXKUQM,bi
F1ILGTXKUQM,computer science
F1ILGTXKUQM,data nerd
F1ILGTXKUQM,data analyst
F1ILGTXKUQM,data scientist
F1ILGTXKUQM,how to
F1ILGTXKUQM,data project
F1ILGTXKUQM,data analytics
F1ILGTXKUQM,portfolio project
F1ILGTXKUQM,sql
F1ILGTXKUQM,excel
F1ILGTXKUQM,python
F1ILGTXKUQM,power bi
F1ILGTXKUQM,tableau
F1ILGTXKUQM,data engineer
_gF2Mj1354M,data viz by luke
_gF2Mj1354M,business intelligence
_gF2Mj1354M,data science
_gF2Mj1354M,bi
_gF2Mj1354M,computer science
_gF2Mj1354M,data nerd
_gF2Mj1354M,data analyst
_gF2Mj1354M,data scientist
_gF2Mj1354M,how to
_gF2Mj1354M,data project
_gF2Mj1354M,data analytics
_gF2Mj1354M,portfolio project
_gF2Mj1354M,sql
_gF2Mj1354M,excel
_gF2Mj1354M,python
_gF2Mj1354M,power bi
_gF2Mj1354M,tableau
_gF2Mj1354M,data engineer
ayw72SHkAKY,data viz by luke
ayw72SHkAKY,business intelligence
ayw72SHkAKY,data science
ayw72SHkAKY,bi
ayw72SHkAKY,computer science
ayw72SHkAKY,data nerd
ayw72SHkAKY,data analyst
ayw72SHkAKY,data scientist
ayw72SHkAKY,how to
ayw72SHkAKY,data project
ayw72SHkAKY,data analytics
ayw72SHkAKY,portfolio project
ayw72SHkAKY,sql
ayw72SHkAKY,excel
ayw72SHkAKY,python
ayw72SHkAKY,power bi
ayw72SHkAKY,tableau
ayw72SHkAKY,data engineer
nm46I3KboxI,data viz by luke
nm46I3KboxI,business intelligence
nm46I3KboxI,data science
nm46I3KboxI,bi
nm46I3KboxI,computer science
nm46I3KboxI,data nerd
nm46I3KboxI,data analyst
nm46I3KboxI,data scientist
nm46I3KboxI,how to
nm46I3KboxI,data project
nm46I3KboxI,data analytics
nm46I3KboxI,portfolio project
nm46I3KboxI,sql
nm46I3KboxI,excel
nm46I3KboxI,python
nm46I3KboxI,power bi
nm46I3KboxI,tableau
nm46I3KboxI,data engineer
0Is021E-Vps,data viz by luke
0Is021E-Vps,business intelligence
0Is021E-Vps,data science
0Is021E-Vps,bi
0Is021E-Vps,computer science
0Is021E-Vps,data nerd
0Is021E-Vps,data analyst
0Is021E-Vps,data scientist
0Is021E-Vps,how to
0Is021E-Vps,data project
0Is021E-Vps,data analytics
0Is021E-Vps,portfolio project
0Is021E-Vps,sql
0Is021E-Vps,excel
0Is021E-Vps,python
0Is021E-Vps,power bi
0Is021E-Vps,tableau
0Is021E-Vps,data engineer
FonhIV-dKc4,data viz by luke
FonhIV-dKc4,business intelligence
FonhIV-dKc4,data science
FonhIV-dKc4,bi
FonhIV-dKc4,computer science
FonhIV-dKc4,data nerd
FonhIV-dKc4,data analyst
FonhIV-dKc4,data scientist
FonhIV-dKc4,how to
FonhIV-dKc4,data project
FonhIV-dKc4,data analytics
FonhIV-dKc4,portfolio project
FonhIV-dKc4,sql
FonhIV-dKc4,excel
FonhIV-dKc4,python
FonhIV-dKc4,power bi
FonhIV-dKc4,tableau
FonhIV-dKc4,data engineer
H0kb2jGXUuU,data viz by luke
H0kb2jGXUuU,business intelligence
H0kb2jGXUuU,data science
H0kb2jGXUuU,bi
H0kb2jGXUuU,computer science
H0kb2jGXUuU,data nerd
H0kb2jGXUuU,data analyst
H0kb2jGXUuU,data scientist
H0kb2jGXUuU,how to
H0kb2jGXUuU,data project
H0kb2jGXUuU,data analytics
H0kb2jGXUuU,portfolio project
H0kb2jGXUuU,sql
H0kb2jGXUuU,excel
H0kb2jGXUuU,python
H0kb2jGXUuU,power bi
H0kb2jGXUuU,tableau
H0kb2jGXUuU,data engineer
pGpr_08A7hs,data viz by luke
pGpr_08A7hs,business intelligence
pGpr_08A7hs,data science
pGpr_08A7hs,bi
pGpr_08A7hs,computer science
pGpr_08A7hs,data nerd
pGpr_08A7hs,data analyst
pGpr_08A7hs,data scientist
pGpr_08A7hs,how to
pGpr_08A7hs,data project
pGpr_08A7hs,data analytics
pGpr_08A7hs,portfolio project
pGpr_08A7hs,sql
pGpr_08A7hs,excel
pGpr_08A7hs,python
pGpr_08A7hs,power bi
pGpr_08A7hs,tableau
pGpr_08A7hs,data engineer
pgruiW6hYnA,data viz by luke
pgruiW6hYnA,business intelligence
pgruiW6hYnA,data science
pgruiW6hYnA,bi
pgruiW6hYnA,computer science
pgruiW6hYnA,data nerd
pgruiW6hYnA,data analyst
pgruiW6hYnA,data scientist
pgruiW6hYnA,how to
pgruiW6hYnA,data project
pgruiW6hYnA,data analytics
pgruiW6hYnA,portfolio project
pgruiW6hYnA,sql
pgruiW6hYnA,excel
pgruiW6hYnA,python
pgruiW6hYnA,power bi
pgruiW6hYnA,tableau
pgruiW6hYnA,data engineer
s6g-Ki0iemI,data viz by luke
s6g-Ki0iemI,business intelligence
s6g-Ki0iemI,data science
s6g-Ki0iemI,bi
s6g-Ki0iemI,computer science
s6g-Ki0iemI,data nerd
s6g-Ki0iemI,data analyst
s6g-Ki0iemI,data scientist
s6g-Ki0iemI,how to
s6g-Ki0iemI,data project
s6g-Ki0iemI,data analytics
s6g-Ki0iemI,portfolio project
s6g-Ki0iemI,sql
s6g-Ki0iemI,excel
s6g-Ki0iemI,python
s6g-Ki0iemI,power bi
s6g-Ki0iemI,tableau
s6g-Ki0iemI,data engineer
NSue6pT_u-Q,data viz by luke
NSue6pT_u-Q,business intelligence
NSue6pT_u-Q,data science
NSue6pT_u-Q,bi
NSue6pT_u-Q,computer science
NSue6pT_u-Q,data nerd
NSue6pT_u-Q,data analyst
NSue6pT_u-Q,data scientist
NSue6pT_u-Q,how to
NSue6pT_u-Q,data project
NSue6pT_u-Q,data analytics
NSue6pT_u-Q,portfolio project
NSue6pT_u-Q,sql
NSue6pT_u-Q,excel
NSue6pT_u-Q,python
NSue6pT_u-Q,power bi
NSue6pT_u-Q,tableau
NSue6pT_u-Q,data engineer
N5cN69EU3aI,data viz by luke
N5cN69EU3aI,business intelligence
N5cN69EU3aI,data science
N5cN69EU3aI,bi
N5cN69EU3aI,computer science
N5cN69EU3aI,data nerd
N5cN69EU3aI,data analyst
N5cN69EU3aI,data scientist
N5cN69EU3aI,how to
N5cN69EU3aI,data project
N5cN69EU3aI,data analytics
N5cN69EU3aI,portfolio project
N5cN69EU3aI,sql
N5cN69EU3aI,excel
N5cN69EU3aI,python
N5cN69EU3aI,power bi
N5cN69EU3aI,tableau
N5cN69EU3aI,data engineer
cOhGrBwZZqE,data viz by luke
cOhGrBwZZqE,business intelligence
cOhGrBwZZqE,data science
cOhGrBwZZqE,bi
cOhGrBwZZqE,computer science
cOhGrBwZZqE,data nerd
cOhGrBwZZqE,data analyst
cOhGrBwZZqE,data scientist
cOhGrBwZZqE,how to
cOhGrBwZZqE,data project
cOhGrBwZZqE,data analytics
cOhGrBwZZqE,portfolio project
cOhGrBwZZqE,sql
cOhGrBwZZqE,excel
cOhGrBwZZqE,python
cOhGrBwZZqE,power bi
cOhGrBwZZqE,tableau
cOhGrBwZZqE,data engineer
xEapC6NkHM0,data viz by luke
xEapC6NkHM0,business intelligence
xEapC6NkHM0,data science
xEapC6NkHM0,bi
xEapC6NkHM0,computer science
xEapC6NkHM0,data nerd
xEapC6NkHM0,data analyst
xEapC6NkHM0,data scientist
xEapC6NkHM0,how to
xEapC6NkHM0,data project
xEapC6NkHM0,data analytics
xEapC6NkHM0,portfolio project
xEapC6NkHM0,sql
xEapC6NkHM0,excel
xEapC6NkHM0,python
xEapC6NkHM0,power bi
xEapC6NkHM0,tableau
xEapC6NkHM0,data engineer
hoTS5pIKgPU,data viz by luke
hoTS5pIKgPU,business intelligence
hoTS5pIKgPU,data science
hoTS5pIKgPU,bi
hoTS5pIKgPU,computer science
hoTS5pIKgPU,data nerd
hoTS5pIKgPU,data analyst
hoTS5pIKgPU,data scientist
hoTS5pIKgPU,how to
hoTS5pIKgPU,data project
hoTS5pIKgPU,data analytics
hoTS5pIKgPU,portfolio project
hoTS5pIKgPU,sql
hoTS5pIKgPU,excel
hoTS5pIKgPU,python
hoTS5pIKgPU,power bi
hoTS5pIKgPU,tableau
hoTS5pIKgPU,data engineer
WSkcsrFCCXM,data viz by luke
WSkcsrFCCXM,business intelligence
WSkcsrFCCXM,data science
WSkcsrFCCXM,bi
WSkcsrFCCXM,computer science
WSkcsrFCCXM,data nerd
WSkcsrFCCXM,data analyst
WSkcsrFCCXM,data scientist
WSkcsrFCCXM,how to
WSkcsrFCCXM,data project
WSkcsrFCCXM,data analytics
WSkcsrFCCXM,portfolio project
WSkcsrFCCXM,sql
WSkcsrFCCXM,excel
WSkcsrFCCXM,python
WSkcsrFCCXM,power bi
WSkcsrFCCXM,tableau
WSkcsrFCCXM,data engineer
uyCXLr7cgrs,data viz by luke
uyCXLr7cgrs,business intelligence
uyCXLr7cgrs,data science
uyCXLr7cgrs,bi
uyCXLr7cgrs,computer science
uyCXLr7cgrs,data nerd
uyCXLr7cgrs,data analyst
uyCXLr7cgrs,data scientist
uyCXLr7cgrs,how to
uyCXLr7cgrs,data project
uyCXLr7cgrs,data analytics
uyCXLr7cgrs,portfolio project
uyCXLr7cgrs,sql
uyCXLr7cgrs,excel
uyCXLr7cgrs,python
uyCXLr7cgrs,power bi
uyCXLr7cgrs,tableau
uyCXLr7cgrs,data engineer
r9imv1z82jQ,data viz by luke
r9imv1z82jQ,business intelligence
r9imv1z82jQ,data science
r9imv1z82jQ,bi
r9imv1z82jQ,computer science
r9imv1z82jQ,data nerd
r9imv1z82jQ,data analyst
r9imv1z82jQ,data scientist
r9imv1z82jQ,how to
r9imv1z82jQ,data project
r9imv1z82jQ,data analytics
r9imv1z82jQ,portfolio project
r9imv1z82jQ,sql
r9imv1z82jQ,excel
r9imv1z82jQ,python
r9imv1z82jQ,power bi
r9imv1z82jQ,tableau
r9imv1z82jQ,data engineer
Ss9SvcRORsk,data viz by luke
Ss9SvcRORsk,business intelligence
Ss9SvcRORsk,data science
Ss9SvcRORsk,bi
Ss9SvcRORsk,computer science
Ss9SvcRORsk,data nerd
Ss9SvcRORsk,data analyst
Ss9SvcRORsk,data scientist
Ss9SvcRORsk,how to
Ss9SvcRORsk,data project
Ss9SvcRORsk,data analytics
Ss9SvcRORsk,portfolio project
Ss9SvcRORsk,sql
Ss9SvcRORsk,excel
Ss9SvcRORsk,python
Ss9SvcRORsk,power bi
Ss9SvcRORsk,tableau
Ss9SvcRORsk,data engineer
9Ql_Lr7nQN4,data viz by luke
9Ql_Lr7nQN4,business intelligence
9Ql_Lr7nQN4,data science
9Ql_Lr7nQN4,bi
9Ql_Lr7nQN4,computer science
9Ql_Lr7nQN4,data nerd
9Ql_Lr7nQN4,data analyst
9Ql_Lr7nQN4,data scientist
9Ql_Lr7nQN4,how to
9Ql_Lr7nQN4,data project
9Ql_Lr7nQN4,data analytics
9Ql_Lr7nQN4,portfolio project
9Ql_Lr7nQN4,sql
9Ql_Lr7nQN4,excel
9Ql_Lr7nQN4,python
9Ql_Lr7nQN4,power bi
9Ql_Lr7nQN4,tableau
9Ql_Lr7nQN4,data engineer
u2HAzOhazEA,data viz by luke
u2HAzOhazEA,business intelligence
u2HAzOhazEA,data science
u2HAzOhazEA,bi
u2HAzOhazEA,computer science
u2HAzOhazEA,data nerd
u2HAzOhazEA,data analyst
u2HAzOhazEA,data scientist
u2HAzOhazEA,how to
u2HAzOhazEA,data project
u2HAzOhazEA,data analytics
u2HAzOhazEA,portfolio project
u2HAzOhazEA,sql
u2HAzOhazEA,excel
u2HAzOhazEA,python
u2HAzOhazEA,power bi
u2HAzOhazEA,tableau
u2HAzOhazEA,data engineer
FR_6qEu2kko,data viz by luke
FR_6qEu2kko,business intelligence
FR_6qEu2kko,data science
FR_6qEu2kko,bi
FR_6qEu2kko,computer science
FR_6qEu2kko,data nerd
FR_6qEu2kko,data analyst
FR_6qEu2kko,data scientist
FR_6qEu2kko,how to
FR_6qEu2kko,data project
FR_6qEu2kko,data analytics
FR_6qEu2kko,portfolio project
FR_6qEu2kko,sql
FR_6qEu2kko,excel
FR_6qEu2kko,python
FR_6qEu2kko,power bi
FR_6qEu2kko,tableau
FR_6qEu2kko,data engineer
lFdUVtCrEnk,data viz by luke
lFdUVtCrEnk,business intelligence
lFdUVtCrEnk,data science
lFdUVtCrEnk,bi
lFdUVtCrEnk,computer science
lFdUVtCrEnk,data nerd
lFdUVtCrEnk,data analyst
lFdUVtCrEnk,data scientist
lFdUVtCrEnk,how to
lFdUVtCrEnk,data project
lFdUVtCrEnk,data analytics
lFdUVtCrEnk,portfolio project
lFdUVtCrEnk,sql
lFdUVtCrEnk,excel
lFdUVtCrEnk,python
lFdUVtCrEnk,power bi
lFdUVtCrEnk,tableau
lFdUVtCrEnk,data engineer
lsBzCZuKzbM,data viz by luke
lsBzCZuKzbM,business intelligence
lsBzCZuKzbM,data science
lsBzCZuKzbM,bi
lsBzCZuKzbM,computer science
lsBzCZuKzbM,data nerd
lsBzCZuKzbM,data analyst
lsBzCZuKzbM,data scientist
lsBzCZuKzbM,how to
lsBzCZuKzbM,data project
lsBzCZuKzbM,data analytics
lsBzCZuKzbM,portfolio project
lsBzCZuKzbM,sql
lsBzCZuKzbM,excel
lsBzCZuKzbM,python
lsBzCZuKzbM,power bi
lsBzCZuKzbM,tableau
lsBzCZuKzbM,data engineer
TwRNsBpWmfg,data viz by luke
TwRNsBpWmfg,business intelligence
TwRNsBpWmfg,data science
TwRNsBpWmfg,bi
TwRNsBpWmfg,computer science
TwRNsBpWmfg,data nerd
TwRNsBpWmfg,data analyst
TwRNsBpWmfg,data scientist
TwRNsBpWmfg,how to
TwRNsBpWmfg,data project
TwRNsBpWmfg,data analytics
TwRNsBpWmfg,portfolio project
TwRNsBpWmfg,sql
TwRNsBpWmfg,excel
TwRNsBpWmfg,python
TwRNsBpWmfg,power bi
TwRNsBpWmfg,tableau
TwRNsBpWmfg,data engineer
EzOQDazdjIw,data viz by luke
EzOQDazdjIw,business intelligence
EzOQDazdjIw,data science
EzOQDazdjIw,bi
EzOQDazdjIw,computer science
EzOQDazdjIw,data nerd
EzOQDazdjIw,data analyst
EzOQDazdjIw,data scientist
EzOQDazdjIw,how to
EzOQDazdjIw,data project
EzOQDazdjIw,data analytics
EzOQDazdjIw,portfolio project
EzOQDazdjIw,sql
EzOQDazdjIw,excel
EzOQDazdjIw,python
EzOQDazdjIw,power bi
EzOQDazdjIw,tableau
EzOQDazdjIw,data engineer
60TtNPlq3_k,data viz by luke
60TtNPlq3_k,business intelligence
60TtNPlq3_k,data science
60TtNPlq3_k,bi
60TtNPlq3_k,computer science
60TtNPlq3_k,data nerd
60TtNPlq3_k,data analyst
60TtNPlq3_k,data scientist
60TtNPlq3_k,how to
60TtNPlq3_k,data project
60TtNPlq3_k,data analytics
60TtNPlq3_k,portfolio project
60TtNPlq3_k,sql
60TtNPlq3_k,excel
60TtNPlq3_k,python
60TtNPlq3_k,power bi
60TtNPlq3_k,tableau
60TtNPlq3_k,data engineer
-w0JrQd17Hw,data viz by luke
-w0JrQd17Hw,business intelligence
-w0JrQd17Hw,data science
-w0JrQd17Hw,bi
-w0JrQd17Hw,computer science
-w0JrQd17Hw,data nerd
-w0JrQd17Hw,data analyst
-w0JrQd17Hw,data scientist
-w0JrQd17Hw,how to
-w0JrQd17Hw,data project
-w0JrQd17Hw,data analytics
-w0JrQd17Hw,portfolio project
-w0JrQd17Hw,sql
-w0JrQd17Hw,excel
-w0JrQd17Hw,python
-w0JrQd17Hw,power bi
-w0JrQd17Hw,tableau
-w0JrQd17Hw,data engineer
ba13LRncDtQ,data viz by luke
ba13LRncDtQ,business intelligence
ba13LRncDtQ,data science
ba13LRncDtQ,bi
ba13LRncDtQ,computer science
ba13LRncDtQ,data nerd
ba13LRncDtQ,data analyst
ba13LRncDtQ,data scientist
ba13LRncDtQ,how to
ba13LRncDtQ,data project
ba13LRncDtQ,data analytics
ba13LRncDtQ,portfolio project
ba13LRncDtQ,sql
ba13LRncDtQ,excel
ba13LRncDtQ,python
ba13LRncDtQ,power bi
ba13LRncDtQ,tableau
ba13LRncDtQ,data engineer
jdqWbzwm1IU,data viz by luke
jdqWbzwm1IU,business intelligence
jdqWbzwm1IU,data science
jdqWbzwm1IU,bi
jdqWbzwm1IU,computer science
jdqWbzwm1IU,data nerd
jdqWbzwm1IU,data analyst
jdqWbzwm1IU,data scientist
jdqWbzwm1IU,how to
jdqWbzwm1IU,data project
jdqWbzwm1IU,data analytics
jdqWbzwm1IU,portfolio project
jdqWbzwm1IU,sql
jdqWbzwm1IU,excel
jdqWbzwm1IU,python
jdqWbzwm1IU,power bi
jdqWbzwm1IU,tableau
jdqWbzwm1IU,data engineer
BL1w5chqt8U,data viz by luke
BL1w5chqt8U,business intelligence
BL1w5chqt8U,data science
BL1w5chqt8U,bi
BL1w5chqt8U,computer science
BL1w5chqt8U,data nerd
BL1w5chqt8U,data analyst
BL1w5chqt8U,data scientist
BL1w5chqt8U,how to
BL1w5chqt8U,data project
BL1w5chqt8U,data analytics
BL1w5chqt8U,portfolio project
BL1w5chqt8U,sql
BL1w5chqt8U,excel
BL1w5chqt8U,python
BL1w5chqt8U,power bi
BL1w5chqt8U,tableau
BL1w5chqt8U,data engineer
CTLgC4AaOtM,data viz by luke
CTLgC4AaOtM,business intelligence
CTLgC4AaOtM,data science
CTLgC4AaOtM,bi
CTLgC4AaOtM,computer science
CTLgC4AaOtM,data nerd
CTLgC4AaOtM,data analyst
CTLgC4AaOtM,data scientist
CTLgC4AaOtM,how to
CTLgC4AaOtM,data project
CTLgC4AaOtM,data analytics
CTLgC4AaOtM,portfolio project
CTLgC4AaOtM,sql
CTLgC4AaOtM,excel
CTLgC4AaOtM,python
CTLgC4AaOtM,power bi
CTLgC4AaOtM,tableau
CTLgC4AaOtM,data engineer
Zgx6dwZRov4,data viz by luke
Zgx6dwZRov4,business intelligence
Zgx6dwZRov4,data science
Zgx6dwZRov4,bi
Zgx6dwZRov4,computer science
Zgx6dwZRov4,data nerd
Zgx6dwZRov4,data analyst
Zgx6dwZRov4,data scientist
Zgx6dwZRov4,how to
Zgx6dwZRov4,data project
Zgx6dwZRov4,data analytics
Zgx6dwZRov4,portfolio project
Zgx6dwZRov4,sql
Zgx6dwZRov4,excel
Zgx6dwZRov4,python
Zgx6dwZRov4,power bi
Zgx6dwZRov4,tableau
Zgx6dwZRov4,data engineer
tJAzELZv4gE,data viz by luke
tJAzELZv4gE,business intelligence
tJAzELZv4gE,data science
tJAzELZv4gE,bi
tJAzELZv4gE,computer science
tJAzELZv4gE,data nerd
tJAzELZv4gE,data analyst
tJAzELZv4gE,data scientist
tJAzELZv4gE,how to
tJAzELZv4gE,data project
tJAzELZv4gE,data analytics
tJAzELZv4gE,portfolio project
tJAzELZv4gE,sql
tJAzELZv4gE,excel
tJAzELZv4gE,python
tJAzELZv4gE,power bi
tJAzELZv4gE,tableau
tJAzELZv4gE,data engineer
J5RRIF2a1NM,data viz by luke
J5RRIF2a1NM,business intelligence
J5RRIF2a1NM,data science
J5RRIF2a1NM,bi
J5RRIF2a1NM,computer science
J5RRIF2a1NM,data nerd
J5RRIF2a1NM,data analyst
J5RRIF2a1NM,data scientist
J5RRIF2a1NM,how to
J5RRIF2a1NM,data project
J5RRIF2a1NM,data analytics
J5RRIF2a1NM,portfolio project
J5RRIF2a1NM,sql
J5RRIF2a1NM,excel
J5RRIF2a1NM,python
J5RRIF2a1NM,power bi
J5RRIF2a1NM,tableau
J5RRIF2a1NM,data engineer
ZRbqNRChcds,data viz by luke
ZRbqNRChcds,business intelligence
ZRbqNRChcds,data science
ZRbqNRChcds,bi
ZRbqNRChcds,computer science
ZRbqNRChcds,data nerd
ZRbqNRChcds,data analyst
ZRbqNRChcds,data scientist
ZRbqNRChcds,how to
ZRbqNRChcds,data project
ZRbqNRChcds,data analytics
ZRbqNRChcds,portfolio project
ZRbqNRChcds,sql
ZRbqNRChcds,excel
ZRbqNRChcds,python
ZRbqNRChcds,power bi
ZRbqNRChcds,tableau
ZRbqNRChcds,data engineer
-fCTVK7v8UY,data viz by luke
-fCTVK7v8UY,business intelligence
-fCTVK7v8UY,data science
-fCTVK7v8UY,bi
-fCTVK7v8UY,computer science
-fCTVK7v8UY,data nerd
-fCTVK7v8UY,data analyst
-fCTVK7v8UY,data scientist
-fCTVK7v8UY,how to
-fCTVK7v8UY,data project
-fCTVK7v8UY,data analytics
-fCTVK7v8UY,portfolio project
-fCTVK7v8UY,sql
-fCTVK7v8UY,excel
-fCTVK7v8UY,python
-fCTVK7v8UY,power bi
-fCTVK7v8UY,tableau
-fCTVK7v8UY,data engineer
-hsjqUcMDLo,data viz by luke
-hsjqUcMDLo,business intelligence
-hsjqUcMDLo,data science
-hsjqUcMDLo,bi
-hsjqUcMDLo,computer science
-hsjqUcMDLo,data nerd
-hsjqUcMDLo,data analyst
-hsjqUcMDLo,data scientist
-hsjqUcMDLo,how to
-hsjqUcMDLo,data project
-hsjqUcMDLo,data analytics
-hsjqUcMDLo,portfolio project
-hsjqUcMDLo,sql
-hsjqUcMDLo,excel
-hsjqUcMDLo,python
-hsjqUcMDLo,power bi
-hsjqUcMDLo,tableau
-hsjqUcMDLo,data engineer
X7P2Yi-OU50,data viz by luke
X7P2Yi-OU50,business intelligence
X7P2Yi-OU50,data science
X7P2Yi-OU50,bi
X7P2Yi-OU50,computer science
X7P2Yi-OU50,data nerd
X7P2Yi-OU50,data analyst
X7P2Yi-OU50,data scientist
X7P2Yi-OU50,how to
X7P2Yi-OU50,data project
X7P2Yi-OU50,data analytics
X7P2Yi-OU50,portfolio project
X7P2Yi-OU50,sql
X7P2Yi-OU50,excel
X7P2Yi-OU50,python
X7P2Yi-OU50,power bi
X7P2Yi-OU50,tableau
X7P2Yi-OU50,data engineer
1AS682khWwA,data viz by luke
1AS682khWwA,business intelligence
1AS682khWwA,data science
1AS682khWwA,bi
1AS682khWwA,computer science
1AS682khWwA,data nerd
1AS682khWwA,data analyst
1AS682khWwA,data scientist
1AS682khWwA,how to
1AS682khWwA,data project
1AS682khWwA,data analytics
1AS682khWwA,portfolio project
1AS682khWwA,sql
1AS682khWwA,excel
1AS682khWwA,python
1AS682khWwA,power bi
1AS682khWwA,tableau
1AS682khWwA,data engineer
LEY6RpAW98g,data viz by luke
LEY6RpAW98g,business intelligence
LEY6RpAW98g,data science
LEY6RpAW98g,bi
LEY6RpAW98g,computer science
LEY6RpAW98g,data nerd
LEY6RpAW98g,data analyst
LEY6RpAW98g,data scientist
LEY6RpAW98g,how to
LEY6RpAW98g,data project
LEY6RpAW98g,data analytics
LEY6RpAW98g,portfolio project
LEY6RpAW98g,sql
LEY6RpAW98g,excel
LEY6RpAW98g,python
LEY6RpAW98g,power bi
LEY6RpAW98g,tableau
LEY6RpAW98g,data engineer
5wM82xc06aM,data viz by luke
5wM82xc06aM,business intelligence
5wM82xc06aM,data science
5wM82xc06aM,bi
5wM82xc06aM,computer science
5wM82xc06aM,data nerd
5wM82xc06aM,data analyst
5wM82xc06aM,data scientist
5wM82xc06aM,how to
5wM82xc06aM,data project
5wM82xc06aM,data analytics
5wM82xc06aM,portfolio project
5wM82xc06aM,sql
5wM82xc06aM,excel
5wM82xc06aM,python
5wM82xc06aM,power bi
5wM82xc06aM,tableau
5wM82xc06aM,data engineer
WxuORWSe63k,data viz by luke
WxuORWSe63k,business intelligence
WxuORWSe63k,data science
WxuORWSe63k,bi
WxuORWSe63k,computer science
WxuORWSe63k,data nerd
WxuORWSe63k,data analyst
WxuORWSe63k,data scientist
WxuORWSe63k,how to
WxuORWSe63k,data project
WxuORWSe63k,data analytics
WxuORWSe63k,portfolio project
WxuORWSe63k,sql
WxuORWSe63k,excel
WxuORWSe63k,python
WxuORWSe63k,power bi
WxuORWSe63k,tableau
WxuORWSe63k,data engineer
YrubB5aXStY,data viz by luke
YrubB5aXStY,business intelligence
YrubB5aXStY,data science
YrubB5aXStY,bi
YrubB5aXStY,computer science
YrubB5aXStY,data nerd
YrubB5aXStY,data analyst
YrubB5aXStY,data scientist
YrubB5aXStY,how to
YrubB5aXStY,data project
YrubB5aXStY,data analytics
YrubB5aXStY,portfolio project
YrubB5aXStY,sql
YrubB5aXStY,excel
YrubB5aXStY,python
YrubB5aXStY,power bi
YrubB5aXStY,tableau
YrubB5aXStY,data engineer
LDds33bJy6g,data viz by luke
LDds33bJy6g,business intelligence
LDds33bJy6g,data science
LDds33bJy6g,bi
LDds33bJy6g,computer science
LDds33bJy6g,data nerd
LDds33bJy6g,data analyst
LDds33bJy6g,data scientist
LDds33bJy6g,how to
LDds33bJy6g,data project
LDds33bJy6g,data analytics
LDds33bJy6g,portfolio project
LDds33bJy6g,sql
LDds33bJy6g,excel
LDds33bJy6g,python
LDds33bJy6g,power bi
LDds33bJy6g,tableau
LDds33bJy6g,data engineer
cPbWjaLPHkc,data viz by luke
cPbWjaLPHkc,business intelligence
cPbWjaLPHkc,data science
cPbWjaLPHkc,bi
cPbWjaLPHkc,computer science
cPbWjaLPHkc,data nerd
cPbWjaLPHkc,data analyst
cPbWjaLPHkc,data scientist
cPbWjaLPHkc,how to
cPbWjaLPHkc,data project
cPbWjaLPHkc,data analytics
cPbWjaLPHkc,portfolio project
cPbWjaLPHkc,sql
cPbWjaLPHkc,excel
cPbWjaLPHkc,python
cPbWjaLPHkc,power bi
cPbWjaLPHkc,tableau
cPbWjaLPHkc,data engineer
0qcsqdeDbc0,data viz by luke
0qcsqdeDbc0,business intelligence
0qcsqdeDbc0,data science
0qcsqdeDbc0,bi
0qcsqdeDbc0,computer science
0qcsqdeDbc0,data nerd
0qcsqdeDbc0,data analyst
0qcsqdeDbc0,data scientist
0qcsqdeDbc0,how to
0qcsqdeDbc0,data project
0qcsqdeDbc0,data analytics
0qcsqdeDbc0,portfolio project
0qcsqdeDbc0,sql
0qcsqdeDbc0,excel
0qcsqdeDbc0,python
0qcsqdeDbc0,power bi
0qcsqdeDbc0,tableau
0qcsqdeDbc0,data engineer
i0B9TSum6bg,data viz by luke
i0B9TSum6bg,business intelligence
i0B9TSum6bg,data science
i0B9TSum6bg,bi
i0B9TSum6bg,computer science
i0B9TSum6bg,data nerd
i0B9TSum6bg,data analyst
i0B9TSum6bg,data scientist
i0B9TSum6bg,how to
i0B9TSum6bg,data project
i0B9TSum6bg,data analytics
i0B9TSum6bg,portfolio project
i0B9TSum6bg,sql
i0B9TSum6bg,excel
i0B9TSum6bg,python
i0B9TSum6bg,power bi
i0B9TSum6bg,tableau
i0B9TSum6bg,data engineer
sWdNrpapwOI,data viz by luke
sWdNrpapwOI,business intelligence
sWdNrpapwOI,data science
sWdNrpapwOI,bi
sWdNrpapwOI,computer science
sWdNrpapwOI,data nerd
sWdNrpapwOI,data analyst
sWdNrpapwOI,data scientist
sWdNrpapwOI,how to
sWdNrpapwOI,data project
sWdNrpapwOI,data analytics
sWdNrpapwOI,portfolio project
sWdNrpapwOI,sql
sWdNrpapwOI,excel
sWdNrpapwOI,python
sWdNrpapwOI,power bi
sWdNrpapwOI,tableau
sWdNrpapwOI,data engineer
2NKuvqo_cGc,data viz by luke
2NKuvqo_cGc,business intelligence
2NKuvqo_cGc,data science
2NKuvqo_cGc,bi
2NKuvqo_cGc,computer science
2NKuvqo_cGc,data nerd
2NKuvqo_cGc,data analyst
2NKuvqo_cGc,data scientist
2NKuvqo_cGc,how to
2NKuvqo_cGc,data project
2NKuvqo_cGc,data analytics
2NKuvqo_cGc,portfolio project
2NKuvqo_cGc,sql
2NKuvqo_cGc,excel
2NKuvqo_cGc,python
2NKuvqo_cGc,power bi
2NKuvqo_cGc,tableau
2NKuvqo_cGc,data engineer
gUxi4lfXR5s,data viz by luke
gUxi4lfXR5s,business intelligence
gUxi4lfXR5s,data science
gUxi4lfXR5s,bi
gUxi4lfXR5s,computer science
gUxi4lfXR5s,data nerd
gUxi4lfXR5s,data analyst
gUxi4lfXR5s,data scientist
gUxi4lfXR5s,how to
gUxi4lfXR5s,data project
gUxi4lfXR5s,data analytics
gUxi4lfXR5s,portfolio project
gUxi4lfXR5s,sql
gUxi4lfXR5s,excel
gUxi4lfXR5s,python
gUxi4lfXR5s,power bi
gUxi4lfXR5s,tableau
gUxi4lfXR5s,data engineer
F_Nd1oQqK8E,data viz by luke
F_Nd1oQqK8E,business intelligence
F_Nd1oQqK8E,data science
F_Nd1oQqK8E,bi
F_Nd1oQqK8E,computer science
F_Nd1oQqK8E,data nerd
F_Nd1oQqK8E,data analyst
F_Nd1oQqK8E,data scientist
F_Nd1oQqK8E,how to
F_Nd1oQqK8E,data project
F_Nd1oQqK8E,data analytics
F_Nd1oQqK8E,portfolio project
F_Nd1oQqK8E,sql
F_Nd1oQqK8E,excel
F_Nd1oQqK8E,python
F_Nd1oQqK8E,power bi
F_Nd1oQqK8E,tableau
F_Nd1oQqK8E,data engineer
ut7YKiHHfRk,data viz by luke
ut7YKiHHfRk,business intelligence
ut7YKiHHfRk,data science
ut7YKiHHfRk,bi
ut7YKiHHfRk,computer science
ut7YKiHHfRk,data nerd
ut7YKiHHfRk,data analyst
ut7YKiHHfRk,data scientist
ut7YKiHHfRk,how to
ut7YKiHHfRk,data project
ut7YKiHHfRk,data analytics
ut7YKiHHfRk,portfolio project
ut7YKiHHfRk,sql
ut7YKiHHfRk,excel
ut7YKiHHfRk,python
ut7YKiHHfRk,power bi
ut7YKiHHfRk,tableau
ut7YKiHHfRk,data engineer
NIOg6lJX8rQ,data viz by luke
NIOg6lJX8rQ,business intelligence
NIOg6lJX8rQ,data science
NIOg6lJX8rQ,bi
NIOg6lJX8rQ,computer science
NIOg6lJX8rQ,data nerd
NIOg6lJX8rQ,data analyst
NIOg6lJX8rQ,data scientist
NIOg6lJX8rQ,how to
NIOg6lJX8rQ,data project
NIOg6lJX8rQ,data analytics
NIOg6lJX8rQ,portfolio project
NIOg6lJX8rQ,sql
NIOg6lJX8rQ,excel
NIOg6lJX8rQ,python
NIOg6lJX8rQ,power bi
NIOg6lJX8rQ,tableau
NIOg6lJX8rQ,data engineer
ohB5kjKGLGc,data viz by luke
ohB5kjKGLGc,business intelligence
ohB5kjKGLGc,data science
ohB5kjKGLGc,bi
ohB5kjKGLGc,computer science
ohB5kjKGLGc,data nerd
ohB5kjKGLGc,data analyst
ohB5kjKGLGc,data scientist
ohB5kjKGLGc,how to
ohB5kjKGLGc,data project
ohB5kjKGLGc,data analytics
ohB5kjKGLGc,portfolio project
ohB5kjKGLGc,sql
ohB5kjKGLGc,excel
ohB5kjKGLGc,python
ohB5kjKGLGc,power bi
ohB5kjKGLGc,tableau
ohB5kjKGLGc,data engineer
u3QcbYNUgtU,data viz by luke
u3QcbYNUgtU,business intelligence
u3QcbYNUgtU,data science
u3QcbYNUgtU,bi
u3QcbYNUgtU,computer science
u3QcbYNUgtU,data nerd
u3QcbYNUgtU,data analyst
u3QcbYNUgtU,data scientist
u3QcbYNUgtU,how to
u3QcbYNUgtU,data project
u3QcbYNUgtU,data analytics
u3QcbYNUgtU,portfolio project
u3QcbYNUgtU,sql
u3QcbYNUgtU,excel
u3QcbYNUgtU,python
u3QcbYNUgtU,power bi
u3QcbYNUgtU,tableau
u3QcbYNUgtU,data engineer
2KZ-0ZaNYZI,data viz by luke
2KZ-0ZaNYZI,business intelligence
2KZ-0ZaNYZI,data science
2KZ-0ZaNYZI,bi
2KZ-0ZaNYZI,computer science
2KZ-0ZaNYZI,data nerd
2KZ-0ZaNYZI,data analyst
2KZ-0ZaNYZI,data scientist
2KZ-0ZaNYZI,how to
2KZ-0ZaNYZI,data project
2KZ-0ZaNYZI,data analytics
2KZ-0ZaNYZI,portfolio project
2KZ-0ZaNYZI,sql
2KZ-0ZaNYZI,excel
2KZ-0ZaNYZI,python
2KZ-0ZaNYZI,power bi
2KZ-0ZaNYZI,tableau
2KZ-0ZaNYZI,data engineer
emB44aQTVhI,data viz by luke
emB44aQTVhI,business intelligence
emB44aQTVhI,data science
emB44aQTVhI,bi
emB44aQTVhI,computer science
emB44aQTVhI,data nerd
emB44aQTVhI,data analyst
emB44aQTVhI,data scientist
emB44aQTVhI,how to
emB44aQTVhI,data project
emB44aQTVhI,data analytics
emB44aQTVhI,portfolio project
emB44aQTVhI,sql
emB44aQTVhI,excel
emB44aQTVhI,python
emB44aQTVhI,power bi
emB44aQTVhI,tableau
emB44aQTVhI,data engineer
cJuA3ZU34sg,data viz by luke
cJuA3ZU34sg,business intelligence
cJuA3ZU34sg,data science
cJuA3ZU34sg,bi
cJuA3ZU34sg,computer science
cJuA3ZU34sg,data nerd
cJuA3ZU34sg,data analyst
cJuA3ZU34sg,data scientist
cJuA3ZU34sg,how to
cJuA3ZU34sg,data project
cJuA3ZU34sg,data analytics
cJuA3ZU34sg,portfolio project
cJuA3ZU34sg,sql
cJuA3ZU34sg,excel
cJuA3ZU34sg,python
cJuA3ZU34sg,power bi
cJuA3ZU34sg,tableau
cJuA3ZU34sg,data engineer
zOYBpfRA12U,data viz by luke
zOYBpfRA12U,business intelligence
zOYBpfRA12U,data science
zOYBpfRA12U,bi
zOYBpfRA12U,computer science
zOYBpfRA12U,data nerd
zOYBpfRA12U,data analyst
zOYBpfRA12U,data scientist
zOYBpfRA12U,how to
zOYBpfRA12U,data project
zOYBpfRA12U,data analytics
zOYBpfRA12U,portfolio project
zOYBpfRA12U,sql
zOYBpfRA12U,excel
zOYBpfRA12U,python
zOYBpfRA12U,power bi
zOYBpfRA12U,tableau
zOYBpfRA12U,data engineer
NjdtctYbrLk,data viz by luke
NjdtctYbrLk,business intelligence
NjdtctYbrLk,data science
NjdtctYbrLk,bi
NjdtctYbrLk,computer science
NjdtctYbrLk,data nerd
NjdtctYbrLk,data analyst
NjdtctYbrLk,data scientist
NjdtctYbrLk,how to
NjdtctYbrLk,data project
NjdtctYbrLk,data analytics
NjdtctYbrLk,portfolio project
NjdtctYbrLk,sql
NjdtctYbrLk,excel
NjdtctYbrLk,python
NjdtctYbrLk,power bi
NjdtctYbrLk,tableau
NjdtctYbrLk,data engineer
bnNGZBnbvuo,data viz by luke
bnNGZBnbvuo,business intelligence
bnNGZBnbvuo,data science
bnNGZBnbvuo,bi
bnNGZBnbvuo,computer science
bnNGZBnbvuo,data nerd
bnNGZBnbvuo,data analyst
bnNGZBnbvuo,data scientist
bnNGZBnbvuo,how to
bnNGZBnbvuo,data project
bnNGZBnbvuo,data analytics
bnNGZBnbvuo,portfolio project
bnNGZBnbvuo,sql
bnNGZBnbvuo,excel
bnNGZBnbvuo,python
bnNGZBnbvuo,power bi
bnNGZBnbvuo,tableau
bnNGZBnbvuo,data engineer
uhRUtVHbNHc,data viz by luke
uhRUtVHbNHc,business intelligence
uhRUtVHbNHc,data science
uhRUtVHbNHc,bi
uhRUtVHbNHc,computer science
uhRUtVHbNHc,data nerd
uhRUtVHbNHc,data analyst
uhRUtVHbNHc,data scientist
uhRUtVHbNHc,how to
uhRUtVHbNHc,data project
uhRUtVHbNHc,data analytics
uhRUtVHbNHc,portfolio project
uhRUtVHbNHc,sql
uhRUtVHbNHc,excel
uhRUtVHbNHc,python
uhRUtVHbNHc,power bi
uhRUtVHbNHc,tableau
uhRUtVHbNHc,data engineer
qKMOVoW18sQ,data viz by luke
qKMOVoW18sQ,business intelligence
qKMOVoW18sQ,data science
qKMOVoW18sQ,bi
qKMOVoW18sQ,computer science
qKMOVoW18sQ,data nerd
qKMOVoW18sQ,data analyst
qKMOVoW18sQ,data scientist
qKMOVoW18sQ,how to
qKMOVoW18sQ,data project
qKMOVoW18sQ,data analytics
qKMOVoW18sQ,portfolio project
qKMOVoW18sQ,sql
qKMOVoW18sQ,excel
qKMOVoW18sQ,python
qKMOVoW18sQ,power bi
qKMOVoW18sQ,tableau
qKMOVoW18sQ,data engineer
ObxO_F_7RrA,data viz by luke
ObxO_F_7RrA,business intelligence
ObxO_F_7RrA,data science
ObxO_F_7RrA,bi
ObxO_F_7RrA,computer science
ObxO_F_7RrA,data nerd
ObxO_F_7RrA,data analyst
ObxO_F_7RrA,data scientist
ObxO_F_7RrA,how to
ObxO_F_7RrA,data project
ObxO_F_7RrA,data analytics
ObxO_F_7RrA,portfolio project
ObxO_F_7RrA,sql
ObxO_F_7RrA,excel
ObxO_F_7RrA,python
ObxO_F_7RrA,power bi
ObxO_F_7RrA,tableau
ObxO_F_7RrA,data engineer
iNEwkaYmPqY,data viz by luke
iNEwkaYmPqY,business intelligence
iNEwkaYmPqY,data science
iNEwkaYmPqY,bi
iNEwkaYmPqY,computer science
iNEwkaYmPqY,data nerd
iNEwkaYmPqY,data analyst
iNEwkaYmPqY,data scientist
iNEwkaYmPqY,how to
iNEwkaYmPqY,data project
iNEwkaYmPqY,data analytics
iNEwkaYmPqY,portfolio project
iNEwkaYmPqY,sql
iNEwkaYmPqY,excel
iNEwkaYmPqY,python
iNEwkaYmPqY,power bi
iNEwkaYmPqY,tableau
iNEwkaYmPqY,data engineer
6A61WwOJQS4,data viz by luke
6A61WwOJQS4,business intelligence
6A61WwOJQS4,data science
6A61WwOJQS4,bi
6A61WwOJQS4,computer science
6A61WwOJQS4,data nerd
6A61WwOJQS4,data analyst
6A61WwOJQS4,data scientist
6A61WwOJQS4,how to
6A61WwOJQS4,data project
6A61WwOJQS4,data analytics
6A61WwOJQS4,portfolio project
6A61WwOJQS4,sql
6A61WwOJQS4,excel
6A61WwOJQS4,python
6A61WwOJQS4,power bi
6A61WwOJQS4,tableau
6A61WwOJQS4,data engineer
BIfhY3U7FMg,data viz by luke
BIfhY3U7FMg,business intelligence
BIfhY3U7FMg,data science
BIfhY3U7FMg,bi
BIfhY3U7FMg,computer science
BIfhY3U7FMg,data nerd
BIfhY3U7FMg,data analyst
BIfhY3U7FMg,data scientist
BIfhY3U7FMg,how to
BIfhY3U7FMg,data project
BIfhY3U7FMg,data analytics
BIfhY3U7FMg,portfolio project
BIfhY3U7FMg,sql
BIfhY3U7FMg,excel
BIfhY3U7FMg,python
BIfhY3U7FMg,power bi
BIfhY3U7FMg,tableau
BIfhY3U7FMg,data engineer
pPy3sbeGNjQ,data viz by luke
pPy3sbeGNjQ,business intelligence
pPy3sbeGNjQ,data science
pPy3sbeGNjQ,bi
pPy3sbeGNjQ,computer science
pPy3sbeGNjQ,data nerd
pPy3sbeGNjQ,data analyst
pPy3sbeGNjQ,data scientist
pPy3sbeGNjQ,how to
pPy3sbeGNjQ,data project
pPy3sbeGNjQ,data analytics
pPy3sbeGNjQ,portfolio project
pPy3sbeGNjQ,sql
pPy3sbeGNjQ,excel
pPy3sbeGNjQ,python
pPy3sbeGNjQ,power bi
pPy3sbeGNjQ,tableau
pPy3sbeGNjQ,data engineer
FTpYtRaAqWU,data viz by luke
FTpYtRaAqWU,business intelligence
FTpYtRaAqWU,data science
FTpYtRaAqWU,bi
FTpYtRaAqWU,computer science
FTpYtRaAqWU,data nerd
FTpYtRaAqWU,data analyst
FTpYtRaAqWU,data scientist
FTpYtRaAqWU,how to
FTpYtRaAqWU,data project
FTpYtRaAqWU,data analytics
FTpYtRaAqWU,portfolio project
FTpYtRaAqWU,sql
FTpYtRaAqWU,excel
FTpYtRaAqWU,python
FTpYtRaAqWU,power bi
FTpYtRaAqWU,tableau
FTpYtRaAqWU,data engineer
vRbgun8ryVE,data viz by luke
vRbgun8ryVE,business intelligence
vRbgun8ryVE,data science
vRbgun8ryVE,bi
vRbgun8ryVE,computer science
vRbgun8ryVE,data nerd
vRbgun8ryVE,data analyst
vRbgun8ryVE,data scientist
vRbgun8ryVE,how to
vRbgun8ryVE,data project
vRbgun8ryVE,data analytics
vRbgun8ryVE,portfolio project
vRbgun8ryVE,sql
vRbgun8ryVE,excel
vRbgun8ryVE,python
vRbgun8ryVE,power bi
vRbgun8ryVE,tableau
vRbgun8ryVE,data engineer
0R1LCYpiQsw,data viz by luke
0R1LCYpiQsw,business intelligence
0R1LCYpiQsw,data science
0R1LCYpiQsw,bi
0R1LCYpiQsw,computer science
0R1LCYpiQsw,data nerd
0R1LCYpiQsw,data analyst
0R1LCYpiQsw,data scientist
0R1LCYpiQsw,how to
0R1LCYpiQsw,data project
0R1LCYpiQsw,data analytics
0R1LCYpiQsw,portfolio project
0R1LCYpiQsw,sql
0R1LCYpiQsw,excel
0R1LCYpiQsw,python
0R1LCYpiQsw,power bi
0R1LCYpiQsw,tableau
0R1LCYpiQsw,data engineer
AopGnnPPczY,data viz by luke
AopGnnPPczY,business intelligence
AopGnnPPczY,data science
AopGnnPPczY,bi
AopGnnPPczY,computer science
AopGnnPPczY,data nerd
AopGnnPPczY,data analyst
AopGnnPPczY,data scientist
AopGnnPPczY,how to
AopGnnPPczY,data project
AopGnnPPczY,data analytics
AopGnnPPczY,portfolio project
AopGnnPPczY,sql
AopGnnPPczY,excel
AopGnnPPczY,python
AopGnnPPczY,power bi
AopGnnPPczY,tableau
AopGnnPPczY,data engineer
AopGnnPPczY,machine learning
AopGnnPPczY,scikit learn
AopGnnPPczY,tensorflow
AopGnnPPczY,pytorch
tBfIh3VQX2o,data viz by luke
tBfIh3VQX2o,business intelligence
tBfIh3VQX2o,data science
tBfIh3VQX2o,bi
tBfIh3VQX2o,computer science
tBfIh3VQX2o,data nerd
tBfIh3VQX2o,data analyst
tBfIh3VQX2o,data scientist
tBfIh3VQX2o,how to
tBfIh3VQX2o,data project
tBfIh3VQX2o,data analytics
tBfIh3VQX2o,portfolio project
tBfIh3VQX2o,sql
tBfIh3VQX2o,excel
tBfIh3VQX2o,python
tBfIh3VQX2o,power bi
tBfIh3VQX2o,tableau
tBfIh3VQX2o,data engineer
i8PKI_zJfDU,data viz by luke
i8PKI_zJfDU,business intelligence
i8PKI_zJfDU,data science
i8PKI_zJfDU,bi
i8PKI_zJfDU,computer science
i8PKI_zJfDU,data nerd
i8PKI_zJfDU,data analyst
i8PKI_zJfDU,data scientist
i8PKI_zJfDU,how to
i8PKI_zJfDU,data project
i8PKI_zJfDU,data analytics
i8PKI_zJfDU,portfolio project
i8PKI_zJfDU,sql
i8PKI_zJfDU,excel
i8PKI_zJfDU,python
i8PKI_zJfDU,power bi
i8PKI_zJfDU,tableau
i8PKI_zJfDU,data engineer
lw6sPHH7twk,data viz by luke
lw6sPHH7twk,business intelligence
lw6sPHH7twk,data science
lw6sPHH7twk,bi
lw6sPHH7twk,computer science
lw6sPHH7twk,data nerd
lw6sPHH7twk,data analyst
lw6sPHH7twk,data scientist
lw6sPHH7twk,how to
lw6sPHH7twk,data project
lw6sPHH7twk,data analytics
lw6sPHH7twk,portfolio project
lw6sPHH7twk,sql
lw6sPHH7twk,excel
lw6sPHH7twk,python
lw6sPHH7twk,power bi
lw6sPHH7twk,tableau
lw6sPHH7twk,data engineer
lw6sPHH7twk,microsoft excel
lw6sPHH7twk,spreadsheets
lw6sPHH7twk,google sheets
lw6sPHH7twk,vlookup
lw6sPHH7twk,sum
5Q0gB7imNOo,data viz by luke
5Q0gB7imNOo,business intelligence
5Q0gB7imNOo,data science
5Q0gB7imNOo,bi
5Q0gB7imNOo,computer science
5Q0gB7imNOo,data nerd
5Q0gB7imNOo,data analyst
5Q0gB7imNOo,data scientist
5Q0gB7imNOo,how to
5Q0gB7imNOo,data project
5Q0gB7imNOo,data analytics
5Q0gB7imNOo,portfolio project
5Q0gB7imNOo,sql
5Q0gB7imNOo,excel
5Q0gB7imNOo,python
5Q0gB7imNOo,power bi
5Q0gB7imNOo,tableau
5Q0gB7imNOo,data engineer
MSlIfGSI6bo,data viz by luke
MSlIfGSI6bo,business intelligence
MSlIfGSI6bo,data science
MSlIfGSI6bo,bi
MSlIfGSI6bo,computer science
MSlIfGSI6bo,data nerd
MSlIfGSI6bo,data analyst
MSlIfGSI6bo,data scientist
MSlIfGSI6bo,how to
MSlIfGSI6bo,data project
MSlIfGSI6bo,data analytics
MSlIfGSI6bo,portfolio project
MSlIfGSI6bo,sql
MSlIfGSI6bo,excel
MSlIfGSI6bo,python
MSlIfGSI6bo,power bi
MSlIfGSI6bo,tableau
MSlIfGSI6bo,data engineer
WrLxXXnEkW4,automation
WrLxXXnEkW4,coding
WrLxXXnEkW4,tech
WrLxXXnEkW4,programming
WrLxXXnEkW4,finance
WrLxXXnEkW4,productivity
WrLxXXnEkW4,live programming
nfX5nOrz9Tw,automation
nfX5nOrz9Tw,coding
nfX5nOrz9Tw,tech
nfX5nOrz9Tw,programming
nfX5nOrz9Tw,finance
nfX5nOrz9Tw,productivity
nfX5nOrz9Tw,live programming
3ehEP5XZ79g,automation
3ehEP5XZ79g,coding
3ehEP5XZ79g,tech
3ehEP5XZ79g,programming
3ehEP5XZ79g,finance
3ehEP5XZ79g,productivity
3ehEP5XZ79g,live programming
Uj1Ra4BM4CE,automation
Uj1Ra4BM4CE,coding
Uj1Ra4BM4CE,tech
Uj1Ra4BM4CE,programming
Uj1Ra4BM4CE,finance
Uj1Ra4BM4CE,productivity
Uj1Ra4BM4CE,live programming
KMqt-ovxP_g,automation
KMqt-ovxP_g,coding
KMqt-ovxP_g,tech
KMqt-ovxP_g,programming
KMqt-ovxP_g,finance
KMqt-ovxP_g,productivity
KMqt-ovxP_g,live programming
419eAcOHKZM,automation
419eAcOHKZM,coding
419eAcOHKZM,tech
419eAcOHKZM,programming
419eAcOHKZM,finance
419eAcOHKZM,productivity
419eAcOHKZM,live programming
9lYLqRZVmOg,automation
9lYLqRZVmOg,coding
9lYLqRZVmOg,tech
9lYLqRZVmOg,programming
9lYLqRZVmOg,finance
9lYLqRZVmOg,productivity
9lYLqRZVmOg,live programming
9j1oTY8QRvM,automation
9j1oTY8QRvM,coding
9j1oTY8QRvM,tech
9j1oTY8QRvM,programming
9j1oTY8QRvM,finance
9j1oTY8QRvM,productivity
9j1oTY8QRvM,live programming
BegSZtWMBAM,automation
BegSZtWMBAM,coding
BegSZtWMBAM,tech
BegSZtWMBAM,programming
BegSZtWMBAM,finance
BegSZtWMBAM,productivity
BegSZtWMBAM,live programming
jZrFMyx5X6Q,automation
jZrFMyx5X6Q,coding
jZrFMyx5X6Q,tech
jZrFMyx5X6Q,programming
jZrFMyx5X6Q,finance
jZrFMyx5X6Q,productivity
jZrFMyx5X6Q,live programming
TzFosulcApI,automation
TzFosulcApI,coding
TzFosulcApI,tech
TzFosulcApI,programming
TzFosulcApI,finance
TzFosulcApI,productivity
TzFosulcApI,live programming
P503s8YOR7E,automation
P503s8YOR7E,coding
P503s8YOR7E,tech
P503s8YOR7E,programming
P503s8YOR7E,finance
P503s8YOR7E,productivity
P503s8YOR7E,live programming
YQroNDeeHXw,automation
YQroNDeeHXw,coding
YQroNDeeHXw,tech
YQroNDeeHXw,programming
YQroNDeeHXw,finance
YQroNDeeHXw,productivity
YQroNDeeHXw,live programming
iPhDSgbOBuU,automation
iPhDSgbOBuU,coding
iPhDSgbOBuU,tech
iPhDSgbOBuU,programming
iPhDSgbOBuU,finance
iPhDSgbOBuU,productivity
iPhDSgbOBuU,live programming
vHgqf2klru4,automation
vHgqf2klru4,coding
vHgqf2klru4,tech
vHgqf2klru4,programming
vHgqf2klru4,finance
vHgqf2klru4,productivity
vHgqf2klru4,live programming
7mjbQ_8kxiQ,automation
7mjbQ_8kxiQ,coding
7mjbQ_8kxiQ,tech
7mjbQ_8kxiQ,programming
7mjbQ_8kxiQ,finance
7mjbQ_8kxiQ,productivity
7mjbQ_8kxiQ,live programming
v4xG-pfFb8c,automation
v4xG-pfFb8c,coding
v4xG-pfFb8c,tech
v4xG-pfFb8c,programming
v4xG-pfFb8c,finance
v4xG-pfFb8c,productivity
v4xG-pfFb8c,live programming
L92BtoUoJHA,automation
L92BtoUoJHA,coding
L92BtoUoJHA,tech
L92BtoUoJHA,programming
L92BtoUoJHA,finance
L92BtoUoJHA,productivity
L92BtoUoJHA,live programming
mCij2q6O1MI,automation
mCij2q6O1MI,coding
mCij2q6O1MI,tech
mCij2q6O1MI,programming
mCij2q6O1MI,finance
mCij2q6O1MI,productivity
mCij2q6O1MI,live programming
F-lQNp4g0h4,automation
F-lQNp4g0h4,coding
F-lQNp4g0h4,tech
F-lQNp4g0h4,programming
F-lQNp4g0h4,finance
F-lQNp4g0h4,productivity
F-lQNp4g0h4,live programming
0Ocp5dzJCWc,automation
0Ocp5dzJCWc,coding
0Ocp5dzJCWc,tech
0Ocp5dzJCWc,programming
0Ocp5dzJCWc,finance
0Ocp5dzJCWc,productivity
0Ocp5dzJCWc,live programming
wzoedjwUq8U,automation
wzoedjwUq8U,coding
wzoedjwUq8U,tech
wzoedjwUq8U,programming
wzoedjwUq8U,finance
wzoedjwUq8U,productivity
wzoedjwUq8U,live programming
yf_b0pIa1yM,automation
yf_b0pIa1yM,coding
yf_b0pIa1yM,tech
yf_b0pIa1yM,programming
yf_b0pIa1yM,finance
yf_b0pIa1yM,productivity
yf_b0pIa1yM,live programming
mL6zInk9pw8,day in the life of a software engineer
mL6zInk9pw8,a week in the life of a software engineer
mL6zInk9pw8,working from home software engineer
mL6zInk9pw8,day in the life of a work from home software engineer
mL6zInk9pw8,work from home
mL6zInk9pw8,remote dev
mL6zInk9pw8,remote software engineer
uaamAXFPAwA,day in the life of a software engineer
uaamAXFPAwA,day in the life
uaamAXFPAwA,software engineering
uaamAXFPAwA,a day in the life of a software engineer
uaamAXFPAwA,a day in the life of a software developer
uaamAXFPAwA,week in the life of a software engineer
uaamAXFPAwA,day in the life of a programmer
uaamAXFPAwA,week in the life of a programmer
uaamAXFPAwA,day in the life of a coder
uaamAXFPAwA,neovim
uaamAXFPAwA,day in the life of a vim user
IEJ0fdrMos4,arch linux
IEJ0fdrMos4,arch linux installation
IEJ0fdrMos4,arch linux experience
IEJ0fdrMos4,arch install guide
IEJ0fdrMos4,arch linux installation speedrun
o3PtzGJz5PU,software engineering
o3PtzGJz5PU,learn to code
o3PtzGJz5PU,how to learn to code
o3PtzGJz5PU,how to learn programming
o3PtzGJz5PU,why you should learn to code
o3PtzGJz5PU,why you should learn to program
o3PtzGJz5PU,should i learn to code
o3PtzGJz5PU,should i learn to program
tZdpMp1Hir4,iphone 16 pro
tZdpMp1Hir4,iphone 16
tZdpMp1Hir4,iphone 16 pro review
tZdpMp1Hir4,apple intelligence
tZdpMp1Hir4,apple iphone
tZdpMp1Hir4,ios development
k4hgi_o0HYc,artificial intelligence
k4hgi_o0HYc,chat gpt
k4hgi_o0HYc,how to use chatgpt
k4hgi_o0HYc,deep learning
k4hgi_o0HYc,chatgpt explained
k4hgi_o0HYc,how to build chatbot
k4hgi_o0HYc,how to build chatgpt
k4hgi_o0HYc,how to build chatgpt from scratch
k4hgi_o0HYc,how to build chatbot using chatgpt
k4hgi_o0HYc,how to build chatbot using python
rdefb5kUtKQ,automation
rdefb5kUtKQ,coding
rdefb5kUtKQ,tech
rdefb5kUtKQ,programming
rdefb5kUtKQ,finance
rdefb5kUtKQ,productivity
rdefb5kUtKQ,live programming
7nlOse7N4Ao,automation
7nlOse7N4Ao,coding
7nlOse7N4Ao,tech
7nlOse7N4Ao,programming
7nlOse7N4Ao,finance
7nlOse7N4Ao,productivity
7nlOse7N4Ao,code with me
SzomZGXy5wY,automation
SzomZGXy5wY,coding
SzomZGXy5wY,tech
SzomZGXy5wY,programming
SzomZGXy5wY,finance
SzomZGXy5wY,productivity
SzomZGXy5wY,code with me
Q5IUMrjRaPU,automation
Q5IUMrjRaPU,coding
Q5IUMrjRaPU,tech
Q5IUMrjRaPU,programming
Q5IUMrjRaPU,finance
Q5IUMrjRaPU,productivity
Q5IUMrjRaPU,live programming
bfEWmNut3hY,automation
bfEWmNut3hY,coding
bfEWmNut3hY,tech
bfEWmNut3hY,programming
bfEWmNut3hY,finance
bfEWmNut3hY,productivity
bfEWmNut3hY,live programming
bfEWmNut3hY,the best programming language
bfEWmNut3hY,best programming language 2024
bfEWmNut3hY,programming language
bfEWmNut3hY,programming language tier list
q4Mf3lEtP7c,automation
q4Mf3lEtP7c,coding
q4Mf3lEtP7c,tech
q4Mf3lEtP7c,programming
q4Mf3lEtP7c,finance
q4Mf3lEtP7c,productivity
q4Mf3lEtP7c,hobbies to get into
q4Mf3lEtP7c,sailing
69oEnKZTb8s,automation
69oEnKZTb8s,coding
69oEnKZTb8s,tech
69oEnKZTb8s,programming
69oEnKZTb8s,finance
69oEnKZTb8s,productivity
69oEnKZTb8s,learn to code
VRy5P7jstgg,automation
VRy5P7jstgg,coding
VRy5P7jstgg,tech
VRy5P7jstgg,programming
VRy5P7jstgg,finance
VRy5P7jstgg,productivity
VRy5P7jstgg,native development vs crossplatform
VRy5P7jstgg,native vs cross platform vs hybrid
VRy5P7jstgg,native vs flutter vs react native
VRy5P7jstgg,react native vs flutter 2024
VRy5P7jstgg,react native vs flutter 2023
VRy5P7jstgg,react native vs flutter performance
Mxbegtx1DVc,automation
Mxbegtx1DVc,coding
Mxbegtx1DVc,tech
Mxbegtx1DVc,programming
Mxbegtx1DVc,finance
Mxbegtx1DVc,productivity
Mxbegtx1DVc,code with me
MQe41k7OOjs,automation
MQe41k7OOjs,coding
MQe41k7OOjs,tech
MQe41k7OOjs,programming
MQe41k7OOjs,finance
MQe41k7OOjs,productivity
MQe41k7OOjs,code with me
5ivvo27fpkA,automation
5ivvo27fpkA,coding
5ivvo27fpkA,tech
5ivvo27fpkA,programming
5ivvo27fpkA,finance
5ivvo27fpkA,productivity
5ivvo27fpkA,code with me
hdheuiwmyOw,automation
hdheuiwmyOw,coding
hdheuiwmyOw,tech
hdheuiwmyOw,programming
hdheuiwmyOw,finance
hdheuiwmyOw,productivity
hdheuiwmyOw,code with me
Jj2tzLo4HZ4,automation
Jj2tzLo4HZ4,coding
Jj2tzLo4HZ4,tech
Jj2tzLo4HZ4,programming
Jj2tzLo4HZ4,finance
Jj2tzLo4HZ4,productivity
Jj2tzLo4HZ4,code with me
Jj2tzLo4HZ4,live coding
Jj2tzLo4HZ4,live programming
dKQ6KYUJiZQ,automation
dKQ6KYUJiZQ,coding
dKQ6KYUJiZQ,tech
dKQ6KYUJiZQ,programming
dKQ6KYUJiZQ,finance
dKQ6KYUJiZQ,productivity
dKQ6KYUJiZQ,code with me
dKQ6KYUJiZQ,live coding
dKQ6KYUJiZQ,live programming
A2Go_bh0b1Y,automation
A2Go_bh0b1Y,coding
A2Go_bh0b1Y,tech
A2Go_bh0b1Y,programming
A2Go_bh0b1Y,finance
A2Go_bh0b1Y,productivity
A2Go_bh0b1Y,software engineering
A2Go_bh0b1Y,python automation
A2Go_bh0b1Y,programming automation
A2Go_bh0b1Y,python
gOMKnRXkv6U,coding vlog
uu_fr25slGc,automation
uu_fr25slGc,coding
uu_fr25slGc,tech
uu_fr25slGc,programming
uu_fr25slGc,finance
uu_fr25slGc,productivity
BJwYe0X8WCc,software engineering
BJwYe0X8WCc,software developer
BJwYe0X8WCc,how to learn to code
BJwYe0X8WCc,app development
BJwYe0X8WCc,coding an app
BJwYe0X8WCc,coding
BJwYe0X8WCc,app coding
ICjOJVo0U04,automation
ICjOJVo0U04,coding
ICjOJVo0U04,tech
ICjOJVo0U04,programming
ICjOJVo0U04,finance
ICjOJVo0U04,productivity
ICjOJVo0U04,dart programming
F7Lx5wKsSwY,automation
F7Lx5wKsSwY,coding
F7Lx5wKsSwY,tech
F7Lx5wKsSwY,programming
F7Lx5wKsSwY,finance
F7Lx5wKsSwY,productivity
F7Lx5wKsSwY,day in the life
F7Lx5wKsSwY,software engineer
F7Lx5wKsSwY,day in the life of a software engineer
F7Lx5wKsSwY,a day in the life of a software engineer
F7Lx5wKsSwY,software engineer day in life
FuYM8Y5GX3A,automation
FuYM8Y5GX3A,coding
FuYM8Y5GX3A,tech
FuYM8Y5GX3A,programming
FuYM8Y5GX3A,finance
FuYM8Y5GX3A,productivity
FuYM8Y5GX3A,flutter sqlite
FuYM8Y5GX3A,flutter sqflite
FuYM8Y5GX3A,flutter local database
FuYM8Y5GX3A,app development
FuYM8Y5GX3A,sql database
FuYM8Y5GX3A,flutter sql database
kwCakTDRoqY,automation
kwCakTDRoqY,coding
kwCakTDRoqY,tech
kwCakTDRoqY,programming
kwCakTDRoqY,finance
kwCakTDRoqY,productivity
kwCakTDRoqY,learn to code with chatgpt
kwCakTDRoqY,flutter
kwCakTDRoqY,flutter database
kwCakTDRoqY,flutter json
kwCakTDRoqY,json
lKDtwd2b_zw,automation
lKDtwd2b_zw,coding
lKDtwd2b_zw,tech
lKDtwd2b_zw,programming
lKDtwd2b_zw,finance
lKDtwd2b_zw,productivity
H7-92cdQiEU,personal finance
H7-92cdQiEU,how to invest
H7-92cdQiEU,best investing books
H7-92cdQiEU,how to invest in stocks
H7-92cdQiEU,warren buffett
H7-92cdQiEU,personal finance for beginners
H7-92cdQiEU,investing for beginners
5djDj4nkQDE,gut health
5djDj4nkQDE,gut health diet
5djDj4nkQDE,how to improve gut health
5djDj4nkQDE,what i eat in a day for gut health
5djDj4nkQDE,what i eat in a day for good gut health
5djDj4nkQDE,gut health recipes
5djDj4nkQDE,gut healthy foods
5djDj4nkQDE,gut bacteria
5djDj4nkQDE,gut health diet plan
5djDj4nkQDE,gut microbiome
5djDj4nkQDE,gut health diet for beginners
QhziJ0fSOHM,morning routine
QhziJ0fSOHM,daily routine
QhziJ0fSOHM,a day in the life
QhziJ0fSOHM,day in my life
QhziJ0fSOHM,a day in the life of a software engineer
QhziJ0fSOHM,day in the life
UObWgW1fwbM,being bored is good for you
UObWgW1fwbM,personal growth
UObWgW1fwbM,being bored is good
UObWgW1fwbM,how to use boredom
UObWgW1fwbM,how to be more productive
UObWgW1fwbM,productivity
UObWgW1fwbM,productivity tips
UObWgW1fwbM,productive
UObWgW1fwbM,how to be more
UObWgW1fwbM,how to be more organized
UObWgW1fwbM,how to be more disciplined
UObWgW1fwbM,why boredom is
UObWgW1fwbM,why boredom is important
UObWgW1fwbM,why boredom is a good thing
UObWgW1fwbM,why boredom is good for you
UObWgW1fwbM,boredom as a tool
UObWgW1fwbM,the power of boredom
UObWgW1fwbM,how to be more productive at home
UObWgW1fwbM,productivity tips 2023
R95SJVoACwA,guitar 30 days challenge
R95SJVoACwA,guitar 30 days
R95SJVoACwA,guitar progress 30 days
R95SJVoACwA,learn guitar in 30 days
R95SJVoACwA,good guitarist 30 days
R95SJVoACwA,practicing guitar for 30 days
R95SJVoACwA,spider 4exercises guitar 30 days
R95SJVoACwA,playing guitar for 30 days
R95SJVoACwA,guitar 30 day challenge
R95SJVoACwA,i tried to learn guitar in 30 days
R95SJVoACwA,learn guitar no experience
R95SJVoACwA,how to learn guitar
R95SJVoACwA,guitar
R95SJVoACwA,classical guitar
R95SJVoACwA,acoustic guitar
0We7mgeaN5Y,pirate shirt
0We7mgeaN5Y,how to
0We7mgeaN5Y,sewing a shirt
0We7mgeaN5Y,jack sparrow
Q1an2wAogsI,sweden
Q1an2wAogsI,trout fishing
Q1an2wAogsI,nature
Q1an2wAogsI,nature film
Q1an2wAogsI,nature photography
Q1an2wAogsI,outdoors
Q1an2wAogsI,stray
Q1an2wAogsI,astray
meBajTM6pRU,automation
meBajTM6pRU,coding
meBajTM6pRU,tech
meBajTM6pRU,programming
meBajTM6pRU,finance
meBajTM6pRU,productivity
meBajTM6pRU,nreal air ar glasses
meBajTM6pRU,nreal air ar glasses review
meBajTM6pRU,nreal air glasses
meBajTM6pRU,nreal air review
meBajTM6pRU,nreal air ar glasses iphone
meBajTM6pRU,nreal air ar glasses ps5
meBajTM6pRU,ar glasses 2023
meBajTM6pRU,ar glasses review
meBajTM6pRU,ar glasses nreal
ewzIrYsoCHU,virtual reality
ewzIrYsoCHU,virtual desktop
ewzIrYsoCHU,ar desktop quest 2
ewzIrYsoCHU,ar desktop
ewzIrYsoCHU,augmented reality glasses
ewzIrYsoCHU,augmented reality examples
ewzIrYsoCHU,coding in vr 2022
ewzIrYsoCHU,coding in vr headset
ewzIrYsoCHU,coding in vr 2023
ewzIrYsoCHU,coding in vr
ewzIrYsoCHU,coding in ar
ewzIrYsoCHU,virtual monitors meta quest pro
ewzIrYsoCHU,meta
ewzIrYsoCHU,meta quest pro review
ewzIrYsoCHU,meta quest pro
ewzIrYsoCHU,ar glasses virtual monitors
8FxUSujqzvU,solo sailing
8FxUSujqzvU,boat life
8FxUSujqzvU,sailing around the world
8FxUSujqzvU,sailing vlog
8FxUSujqzvU,sailing with no experience
8FxUSujqzvU,single handed sailing
8FxUSujqzvU,singlehanded sailing
8FxUSujqzvU,sailboat life
8FxUSujqzvU,learning to sail
8FxUSujqzvU,solo sailor
8FxUSujqzvU,solo sailing small boat
Z2dUJN1MG-o,windows 98
Z2dUJN1MG-o,windows 95
Z2dUJN1MG-o,windows 98 startup
Z2dUJN1MG-o,windows 98 in 2022
Z2dUJN1MG-o,using windows 98 in 2022
Z2dUJN1MG-o,windows xp 2022
Z2dUJN1MG-o,windows xp
Z2dUJN1MG-o,windows 95 2022
Z2dUJN1MG-o,windows 98 2022
j1d5o1zsPhg,raspberry pi projects
j1d5o1zsPhg,raspberry pi projects 2022
j1d5o1zsPhg,raspberry pi projects for engineering students
j1d5o1zsPhg,raspberry pi projects home automation
j1d5o1zsPhg,raspberry pi projects python
j1d5o1zsPhg,python projects for resume
j1d5o1zsPhg,python projects advanced
j1d5o1zsPhg,python projects with source code
j1d5o1zsPhg,python projects for engineering students
j1d5o1zsPhg,python projects 2022
j1d5o1zsPhg,python projects walkthrough
j1d5o1zsPhg,raspberry pi
j1d5o1zsPhg,raspberry pi 4
j1d5o1zsPhg,python projects
JYBBNYD7dBk,automation
JYBBNYD7dBk,coding
JYBBNYD7dBk,tech
JYBBNYD7dBk,programming
JYBBNYD7dBk,finance
JYBBNYD7dBk,productivity
mbfhiPpVNcA,open source
mbfhiPpVNcA,open source software
mbfhiPpVNcA,open source software explained
mbfhiPpVNcA,open source software licensing
mbfhiPpVNcA,open source software development
mbfhiPpVNcA,open source contribution
mbfhiPpVNcA,open source projects
mbfhiPpVNcA,open source projects for beginners
f-akirEfVls,how to journal
f-akirEfVls,journaling for 30 days
f-akirEfVls,bullet journal
f-akirEfVls,journaling for beginners
f-akirEfVls,journaling tips
f-akirEfVls,journaling for mental health
f-akirEfVls,what i learned by journaling for 30 days
f-akirEfVls,i tried journaling for 30 days
f-akirEfVls,matt davella
f-akirEfVls,journaling ideas
f-akirEfVls,is journaling worth it
f-akirEfVls,how to journal for beginners
f-akirEfVls,how to journal daily
f-akirEfVls,what ive learnt after journaling for 30 days
f-akirEfVls,i journaled for 30 days
f-akirEfVls,how to journal for self growth
f-akirEfVls,what ive learnt from journaling for 30 days
VVczAVgLHqU,lambda
VVczAVgLHqU,lambda google
VVczAVgLHqU,lambda ai sentient
VVczAVgLHqU,lambda ai
VVczAVgLHqU,google ai sentient
VVczAVgLHqU,google ai lamda
VVczAVgLHqU,google ai sentient joe rogan
VVczAVgLHqU,google ai conversation
VVczAVgLHqU,google ai alive
VVczAVgLHqU,google ai sentient conversation
VVczAVgLHqU,google ai joe rogan
VVczAVgLHqU,google ai robot
A3au3qrNf9A,software development
A3au3qrNf9A,setup for software development
A3au3qrNf9A,my linux setup
A3au3qrNf9A,my ubuntu setup
A3au3qrNf9A,development environment
A3au3qrNf9A,my linux ubuntu setup for software development
FQfU0jfbBCU,new inventions
FQfU0jfbBCU,cool tech
FQfU0jfbBCU,programmer inventions you won't believe exist
YS3xQjAJSp8,python programmin
YS3xQjAJSp8,python programming
YS3xQjAJSp8,python programming for beginners
YS3xQjAJSp8,programming p
YS3xQjAJSp8,programming projects
YS3xQjAJSp8,programming python
YS3xQjAJSp8,programming project ideas
YS3xQjAJSp8,python projects
YS3xQjAJSp8,coding projects
YS3xQjAJSp8,coding project
YS3xQjAJSp8,how to get a software engineering job
YS3xQjAJSp8,coding projects that make money
6RLnlzYe6Lc,ali abdaal
6RLnlzYe6Lc,ali abdal
6RLnlzYe6Lc,tips for my 18 year old self
6RLnlzYe6Lc,advice for my younger self
6RLnlzYe6Lc,advice for an 18 year old
6RLnlzYe6Lc,advice for students
6RLnlzYe6Lc,advice for young people
6RLnlzYe6Lc,ultimate advice for students
6RLnlzYe6Lc,motivation
6RLnlzYe6Lc,advice for college students
6RLnlzYe6Lc,tips for college students
6RLnlzYe6Lc,advice for young students
6RLnlzYe6Lc,student motivation
6RLnlzYe6Lc,success in life
6RLnlzYe6Lc,study
6RLnlzYe6Lc,ali abdaal vlog
6RLnlzYe6Lc,studytube
6RLnlzYe6Lc,success
6RLnlzYe6Lc,study tips
6RLnlzYe6Lc,student
6RLnlzYe6Lc,how to study for exams
6RLnlzYe6Lc,how to succeed in life
6RLnlzYe6Lc,how to study effectively
6RLnlzYe6Lc,kalle hallden
4DlUO7K7SNU,how does the internet work
4DlUO7K7SNU,how the internet works
4DlUO7K7SNU,how does wifi work
4DlUO7K7SNU,how wifi works
4DlUO7K7SNU,how the internet
4DlUO7K7SNU,how the internet travels across oceans
4DlUO7K7SNU,how the internet works in 5 minutes
4DlUO7K7SNU,how wifi
4DlUO7K7SNU,how does the internet work for dummies
k_U7swVRttc,new inventions 2022
k_U7swVRttc,new inventions 2022 technology
k_U7swVRttc,awesome inventions
k_U7swVRttc,cool inventions 2022
k_U7swVRttc,new technologies that will change the world
k_U7swVRttc,new technologies in 2022
k_U7swVRttc,new technologies to learn in 2022
lgD9lNB9Ums,josh starmer
lgD9lNB9Ums,statquest
lgD9lNB9Ums,machine learning
lgD9lNB9Ums,statistics
lgD9lNB9Ums,data science
h5o1n1QMcmM,josh starmer
h5o1n1QMcmM,statquest
h5o1n1QMcmM,machine learning
h5o1n1QMcmM,statistics
h5o1n1QMcmM,data science
mIlw5j3WyVk,josh starmer
mIlw5j3WyVk,statquest
mIlw5j3WyVk,machine learning
mIlw5j3WyVk,statistics
mIlw5j3WyVk,data science
L3nlGfSyHV0,josh starmer
L3nlGfSyHV0,statquest
L3nlGfSyHV0,machine learning
L3nlGfSyHV0,statistics
L3nlGfSyHV0,data science
aFDOzpTeg0s,josh starmer
aFDOzpTeg0s,statquest
aFDOzpTeg0s,machine learning
aFDOzpTeg0s,statistics
aFDOzpTeg0s,data science
q-BiW5srMFQ,josh starmer
q-BiW5srMFQ,statquest
q-BiW5srMFQ,machine learning
q-BiW5srMFQ,statistics
q-BiW5srMFQ,data science
WRYk7oZiogg,josh starmer
WRYk7oZiogg,statquest
WRYk7oZiogg,machine learning
WRYk7oZiogg,statistics
WRYk7oZiogg,data science
qPN_XZcJf_s,josh starmer
qPN_XZcJf_s,statquest
qPN_XZcJf_s,machine learning
qPN_XZcJf_s,statistics
qPN_XZcJf_s,data science
DVGmsnxB2UQ,josh starmer
DVGmsnxB2UQ,statquest
DVGmsnxB2UQ,machine learning
DVGmsnxB2UQ,statistics
DVGmsnxB2UQ,data science
9hbQieQh7-o,josh starmer
9hbQieQh7-o,statquest
9hbQieQh7-o,machine learning
9hbQieQh7-o,statistics
9hbQieQh7-o,data science
Z-T0iJEXiwM,josh starmer
Z-T0iJEXiwM,statquest
Z-T0iJEXiwM,machine learning
Z-T0iJEXiwM,statistics
Z-T0iJEXiwM,data science
_kstkMF-lQQ,josh starmer
_kstkMF-lQQ,statquest
_kstkMF-lQQ,machine learning
_kstkMF-lQQ,statistics
_kstkMF-lQQ,data science
fivdgj5w0K0,josh starmer
fivdgj5w0K0,statquest
fivdgj5w0K0,machine learning
fivdgj5w0K0,statistics
fivdgj5w0K0,data science
GDN649X_acE,josh starmer
GDN649X_acE,statquest
GDN649X_acE,machine learning
GDN649X_acE,bert
GDN649X_acE,transformers
GDN649X_acE,llm
GDN649X_acE,rag
GDN649X_acE,ai
GDN649X_acE,neural network
qJrmQe8TOTw,josh starmer
qJrmQe8TOTw,statquest
qJrmQe8TOTw,machine learning
qJrmQe8TOTw,statistics
qJrmQe8TOTw,data science
DkmfIQRDyXc,josh starmer
DkmfIQRDyXc,statquest
DkmfIQRDyXc,machine learning
DkmfIQRDyXc,statistics
DkmfIQRDyXc,data science
0QOm7Sn5uwQ,josh starmer
0QOm7Sn5uwQ,statquest
0QOm7Sn5uwQ,machine learning
0QOm7Sn5uwQ,statistics
0QOm7Sn5uwQ,data science
wIGOnM6Cf_E,josh starmer
wIGOnM6Cf_E,statquest
wIGOnM6Cf_E,machine learning
wIGOnM6Cf_E,statistics
wIGOnM6Cf_E,data science
jp_NcF9Oagk,josh starmer
jp_NcF9Oagk,statquest
jp_NcF9Oagk,machine learning
jp_NcF9Oagk,statistics
jp_NcF9Oagk,data science
C9QSpl5nmrY,josh starmer
C9QSpl5nmrY,statquest
C9QSpl5nmrY,machine learning
C9QSpl5nmrY,statistics
C9QSpl5nmrY,data science
m8fvdRZb5CE,josh starmer
m8fvdRZb5CE,statquest
m8fvdRZb5CE,machine learning
m8fvdRZb5CE,statistics
m8fvdRZb5CE,data science
QhWZq8oBpVw,josh starmer
QhWZq8oBpVw,statquest
QhWZq8oBpVw,machine learning
QhWZq8oBpVw,statistics
QhWZq8oBpVw,data science
JV0S5f89-Q4,josh starmer
JV0S5f89-Q4,statquest
JV0S5f89-Q4,machine learning
JV0S5f89-Q4,statistics
JV0S5f89-Q4,data science
UC5jflMmubs,josh starmer
UC5jflMmubs,statquest
UC5jflMmubs,machine learning
UC5jflMmubs,statistics
UC5jflMmubs,data science
Oekl7K1iwxY,josh starmer
Oekl7K1iwxY,statquest
Oekl7K1iwxY,machine learning
Oekl7K1iwxY,statistics
Oekl7K1iwxY,data science
iujLN48gumk,josh starmer
iujLN48gumk,statquest
iujLN48gumk,machine learning
iujLN48gumk,statistics
iujLN48gumk,data science
s-8kQT-YVJg,josh starmer
s-8kQT-YVJg,statquest
s-8kQT-YVJg,machine learning
s-8kQT-YVJg,statistics
s-8kQT-YVJg,data science
KphmOJnLAdI,josh starmer
KphmOJnLAdI,statquest
KphmOJnLAdI,machine learning
KphmOJnLAdI,statistics
KphmOJnLAdI,data science
KphmOJnLAdI,transformer
KphmOJnLAdI,chatgpt
l2hro8DemsM,josh starmer
l2hro8DemsM,statquest
l2hro8DemsM,machine learning
l2hro8DemsM,statistics
l2hro8DemsM,data science
fx0GGAANIus,josh starmer
fx0GGAANIus,statquest
fx0GGAANIus,machine learning
fx0GGAANIus,statistics
fx0GGAANIus,data science
lA2baUE00uY,josh starmer
lA2baUE00uY,statquest
lA2baUE00uY,machine learning
lA2baUE00uY,statistics
lA2baUE00uY,data science
QdXF69-EGEI,josh starmer
QdXF69-EGEI,statquest
QdXF69-EGEI,machine learning
QdXF69-EGEI,statistics
QdXF69-EGEI,data science
ZTt9gsGcdDo,josh starmer
ZTt9gsGcdDo,statquest
ZTt9gsGcdDo,machine learning
ZTt9gsGcdDo,statistics
ZTt9gsGcdDo,data science
Qf06XDYXCXI,josh starmer
Qf06XDYXCXI,statquest
Qf06XDYXCXI,machine learning
Qf06XDYXCXI,statistics
Qf06XDYXCXI,data science
rC9vw2dSpQo,statquest
rC9vw2dSpQo,playbutton
Ka04Dj7DxGk,josh starmer
Ka04Dj7DxGk,statquest
Ka04Dj7DxGk,machine learning
Ka04Dj7DxGk,statistics
Ka04Dj7DxGk,data science
bQ5BoolX9Ag,josh starmer
bQ5BoolX9Ag,statquest
bQ5BoolX9Ag,machine learning
bQ5BoolX9Ag,statistics
bQ5BoolX9Ag,data science
bQ5BoolX9Ag,chatgtp
bQ5BoolX9Ag,transformers
bQ5BoolX9Ag,ai
bQ5BoolX9Ag,llm
bQ5BoolX9Ag,large language models
zxQyTK8quyY,josh starmer
zxQyTK8quyY,statquest
zxQyTK8quyY,machine learning
zxQyTK8quyY,neural networks
zxQyTK8quyY,chatgpt
zxQyTK8quyY,transformers
zxQyTK8quyY,llm
zxQyTK8quyY,large language model
8ZcccMzTz7Y,josh starmer
8ZcccMzTz7Y,statquest
8ZcccMzTz7Y,machine learning
8ZcccMzTz7Y,statistics
8ZcccMzTz7Y,data science
YaQEUgIr4Mk,josh starmer
YaQEUgIr4Mk,statquest
YaQEUgIr4Mk,machine learning
YaQEUgIr4Mk,statistics
YaQEUgIr4Mk,data science
PSs6nxngL6k,josh starmer
PSs6nxngL6k,statquest
PSs6nxngL6k,machine learning
PSs6nxngL6k,statistics
PSs6nxngL6k,data science
953NHzFtGHc,josh starmer
953NHzFtGHc,statquest
953NHzFtGHc,machine learning
953NHzFtGHc,statistics
953NHzFtGHc,data science
02zO75hHpZQ,josh starmer
02zO75hHpZQ,statquest
02zO75hHpZQ,machine learning
02zO75hHpZQ,statistics
02zO75hHpZQ,data science
L8HKweZIOmg,josh starmer
L8HKweZIOmg,statquest
L8HKweZIOmg,machine learning
L8HKweZIOmg,statistics
L8HKweZIOmg,data science
y8xRw76i1qY,josh starmer
y8xRw76i1qY,statquest
y8xRw76i1qY,machine learning
y8xRw76i1qY,statistics
y8xRw76i1qY,data science
LS6VX7noVWY,josh starmer
LS6VX7noVWY,statquest
LS6VX7noVWY,machine learning
LS6VX7noVWY,statistics
LS6VX7noVWY,data science
ZYDN25N5WhQ,josh starmer
ZYDN25N5WhQ,statquest
ZYDN25N5WhQ,machine learning
ZYDN25N5WhQ,statistics
ZYDN25N5WhQ,data science
ccjrsxXmfnw,josh starmer
ccjrsxXmfnw,statquest
ccjrsxXmfnw,machine learning
ccjrsxXmfnw,statistics
ccjrsxXmfnw,data science
bv9agba7blc,josh starmer
bv9agba7blc,statquest
bv9agba7blc,machine learning
bv9agba7blc,statistics
bv9agba7blc,data science
oZ9SrkF_-LE,josh starmer
oZ9SrkF_-LE,statquest
oZ9SrkF_-LE,machine learning
oZ9SrkF_-LE,statistics
oZ9SrkF_-LE,data science
A88rDEf-pfk,josh starmer
A88rDEf-pfk,statquest
A88rDEf-pfk,machine learning
A88rDEf-pfk,statistics
A88rDEf-pfk,data science
qioNUZGVH1A,josh starmer
qioNUZGVH1A,statquest
qioNUZGVH1A,machine learning
qioNUZGVH1A,statistics
qioNUZGVH1A,data science
P4aYC1kS4d0,josh starmer
P4aYC1kS4d0,statquest
P4aYC1kS4d0,machine learning
P4aYC1kS4d0,statistics
P4aYC1kS4d0,data science
viZrOnJclY0,josh starmer
viZrOnJclY0,statquest
viZrOnJclY0,machine learning
viZrOnJclY0,statistics
viZrOnJclY0,data science
yOJmPkyyZ18,josh starmer
yOJmPkyyZ18,statquest
yOJmPkyyZ18,machine learning
yOJmPkyyZ18,statistics
yOJmPkyyZ18,data science
3Bg2XRFOTzg,josh starmer
3Bg2XRFOTzg,statquest
3Bg2XRFOTzg,machine learning
3Bg2XRFOTzg,statistics
3Bg2XRFOTzg,data science
KXOTSkPL2X4,josh starmer
KXOTSkPL2X4,statquest
KXOTSkPL2X4,machine learning
KXOTSkPL2X4,statistics
KXOTSkPL2X4,data science
tc4LGTVRXV8,josh starmer
tc4LGTVRXV8,statquest
tc4LGTVRXV8,machine learning
tc4LGTVRXV8,statistics
tc4LGTVRXV8,data science
589nCGeWG1w,josh starmer
589nCGeWG1w,statquest
589nCGeWG1w,machine learning
589nCGeWG1w,statistics
589nCGeWG1w,data science
5GqtRXY-80k,josh starmer
5GqtRXY-80k,statquest
5GqtRXY-80k,machine learning
5GqtRXY-80k,statistics
5GqtRXY-80k,data science
eJIp_mgVLwE,josh starmer
eJIp_mgVLwE,statquest
eJIp_mgVLwE,machine learning
eJIp_mgVLwE,statistics
eJIp_mgVLwE,data science
e9U0QAFbfLI,josh starmer
e9U0QAFbfLI,statquest
e9U0QAFbfLI,machine learning
e9U0QAFbfLI,statistics
e9U0QAFbfLI,data science
RHGiXPuo_pI,josh starmer
RHGiXPuo_pI,statquest
RHGiXPuo_pI,machine learning
RHGiXPuo_pI,statistics
RHGiXPuo_pI,data science
1xBB8iAXxds,josh starmer
1xBB8iAXxds,statquest
1xBB8iAXxds,machine learning
1xBB8iAXxds,statistics
1xBB8iAXxds,data science
k3b9Mvtt6lU,josh starmer
k3b9Mvtt6lU,statquest
k3b9Mvtt6lU,machine learning
k3b9Mvtt6lU,statistics
k3b9Mvtt6lU,data science
KiGsuKqaq0Y,josh starmer
KiGsuKqaq0Y,statquest
KiGsuKqaq0Y,machine learning
KiGsuKqaq0Y,statistics
KiGsuKqaq0Y,data science
LoocDAbgwlM,josh starmer
LoocDAbgwlM,statquest
LoocDAbgwlM,machine learning
LoocDAbgwlM,statistics
LoocDAbgwlM,data science
R7xd624pR1A,josh starmer
R7xd624pR1A,statquest
R7xd624pR1A,machine learning
R7xd624pR1A,statistics
R7xd624pR1A,data science
mno47Jn4gaU,josh starmer
mno47Jn4gaU,statquest
mno47Jn4gaU,machine learning
mno47Jn4gaU,statistics
mno47Jn4gaU,data science
EkAQAi3a4js,josh starmer
EkAQAi3a4js,statquest
EkAQAi3a4js,machine learning
EkAQAi3a4js,statistics
EkAQAi3a4js,data science
wsi0jg_gH28,josh starmer
wsi0jg_gH28,statquest
wsi0jg_gH28,machine learning
wsi0jg_gH28,statistics
wsi0jg_gH28,data science
7ArmBVF2dCs,josh starmer
7ArmBVF2dCs,statquest
7ArmBVF2dCs,machine learning
7ArmBVF2dCs,statistics
7ArmBVF2dCs,data science
bMccdk8EdGo,josh starmer
bMccdk8EdGo,statquest
bMccdk8EdGo,machine learning
bMccdk8EdGo,statistics
bMccdk8EdGo,data science
YCzL96nL7j0,josh starmer
YCzL96nL7j0,statquest
YCzL96nL7j0,machine learning
YCzL96nL7j0,statistics
YCzL96nL7j0,data science
c3xEDTh7Uc8,josh starmer
c3xEDTh7Uc8,statquest
c3xEDTh7Uc8,machine learning
c3xEDTh7Uc8,statistics
c3xEDTh7Uc8,data science
zxagGtF9MeU,josh starmer
zxagGtF9MeU,statquest
zxagGtF9MeU,machine learning
zxagGtF9MeU,statistics
zxagGtF9MeU,data science
K8ykIS1x_qQ,josh starmer
K8ykIS1x_qQ,statquest
K8ykIS1x_qQ,machine learning
K8ykIS1x_qQ,statistics
K8ykIS1x_qQ,data science
EzjtTh-WUWY,josh starmer
EzjtTh-WUWY,statquest
EzjtTh-WUWY,machine learning
EzjtTh-WUWY,statistics
EzjtTh-WUWY,data science
Za9wm6HWkvo,statquest
Za9wm6HWkvo,josh starmer
Za9wm6HWkvo,machine learning
Za9wm6HWkvo,statistics
Za9wm6HWkvo,data science
Za9wm6HWkvo,naive bayes
Za9wm6HWkvo,gaussian
BgxBEKhaqyQ,josh starmer
BgxBEKhaqyQ,statquest
BgxBEKhaqyQ,machine learning
BgxBEKhaqyQ,statistics
BgxBEKhaqyQ,data science
khMzi6xPbuM,josh starmer
khMzi6xPbuM,statquest
khMzi6xPbuM,machine learning
khMzi6xPbuM,statistics
khMzi6xPbuM,data science
CHOir6-ZpkE,josh starmer
CHOir6-ZpkE,statquest
CHOir6-ZpkE,machine learning
CHOir6-ZpkE,statistics
CHOir6-ZpkE,data science
AsNTP8Kwu80,josh starmer
AsNTP8Kwu80,statquest
AsNTP8Kwu80,machine learning
AsNTP8Kwu80,statistics
AsNTP8Kwu80,data science
80-Wpwf1_dg,josh starmer
80-Wpwf1_dg,statquest
80-Wpwf1_dg,machine learning
80-Wpwf1_dg,statistics
80-Wpwf1_dg,data science
FHdlXe1bSe4,josh starmer
FHdlXe1bSe4,statquest
FHdlXe1bSe4,machine learning
FHdlXe1bSe4,statistics
FHdlXe1bSe4,data science
FHdlXe1bSe4,pytorch
FHdlXe1bSe4,python
FHdlXe1bSe4,neural network
W4sYsXGeCls,josh starmer
W4sYsXGeCls,statquest
W4sYsXGeCls,machine learning
W4sYsXGeCls,statistics
W4sYsXGeCls,data science
W4sYsXGeCls,troll 2
W4sYsXGeCls,april1
aH3mZjHkAbs,josh starmer
aH3mZjHkAbs,statquest
aH3mZjHkAbs,machine learning
aH3mZjHkAbs,statistics
aH3mZjHkAbs,data science
jth4kEvJ3P8,josh starmer
jth4kEvJ3P8,statquest
jth4kEvJ3P8,machine learning
jth4kEvJ3P8,statistics
jth4kEvJ3P8,data science
eN0wFzBA4Sc,josh starmer
eN0wFzBA4Sc,statquest
eN0wFzBA4Sc,machine learning
eN0wFzBA4Sc,statistics
eN0wFzBA4Sc,data science
L35fFDpwIM4,josh starmer
L35fFDpwIM4,statquest
L35fFDpwIM4,machine learning
L35fFDpwIM4,statistics
L35fFDpwIM4,data science
PWvfrTgaPBI,josh starmer
PWvfrTgaPBI,statquest
PWvfrTgaPBI,machine learning
PWvfrTgaPBI,statistics
PWvfrTgaPBI,data science
RDZUdRSDOok,josh starmer
RDZUdRSDOok,statquest
RDZUdRSDOok,machine learning
RDZUdRSDOok,statistics
RDZUdRSDOok,data science
RDZUdRSDOok,dbscan
RDZUdRSDOok,clustering
6fWk_lQ_K5A,josh starmer
6fWk_lQ_K5A,statquest
6fWk_lQ_K5A,machine learning
6fWk_lQ_K5A,statistics
6fWk_lQ_K5A,data science
YtebGVx-Fxw,josh starmer
YtebGVx-Fxw,statquest
YtebGVx-Fxw,machine learning
YtebGVx-Fxw,statistics
YtebGVx-Fxw,data science
YtebGVx-Fxw,entropy
9wCnvr7Xw4E,josh starmer
9wCnvr7Xw4E,statquest
9wCnvr7Xw4E,machine learning
9wCnvr7Xw4E,statistics
9wCnvr7Xw4E,data science
9wCnvr7Xw4E,bayes
9wCnvr7Xw4E,probability
_IgyaD7vOOA,josh starmer
_IgyaD7vOOA,statquest
_IgyaD7vOOA,machine learning
_IgyaD7vOOA,statistics
_IgyaD7vOOA,data science
N4ZQQqyIf6k,josh starmer
N4ZQQqyIf6k,statquest
N4ZQQqyIf6k,machine learning
N4ZQQqyIf6k,statistics
N4ZQQqyIf6k,data science
Xz0x-8-cgaQ,josh starmer
Xz0x-8-cgaQ,statquest
Xz0x-8-cgaQ,machine learning
Xz0x-8-cgaQ,statistics
Xz0x-8-cgaQ,data science
3CRBW-0PuqA,ken jee
3CRBW-0PuqA,ai disruption
3CRBW-0PuqA,ai
3CRBW-0PuqA,ai jobs
3CRBW-0PuqA,artificial intelligence
3CRBW-0PuqA,ai survival guide
3CRBW-0PuqA,ai bubble
3CRBW-0PuqA,ai agents
3CRBW-0PuqA,ai news
KZnmtGMCbH8,ken jee
KZnmtGMCbH8,ai disruption
KZnmtGMCbH8,ai
KZnmtGMCbH8,saas
KZnmtGMCbH8,software company
KZnmtGMCbH8,entrepreneurship
KZnmtGMCbH8,building a software company
KZnmtGMCbH8,building with ai
KZnmtGMCbH8,coding with ai
KZnmtGMCbH8,why i'm building a saas
KZnmtGMCbH8,ai takeover
KZnmtGMCbH8,what to do about ai
KZnmtGMCbH8,ai and jobs
KZnmtGMCbH8,ai jobs
KZnmtGMCbH8,will ai take my job
uokE-FiDUVw,data science
uokE-FiDUVw,ken jee
uokE-FiDUVw,machine learning
uokE-FiDUVw,ai
uokE-FiDUVw,building a saas
uokE-FiDUVw,coding with ai
uokE-FiDUVw,ai survival guide
uokE-FiDUVw,using ai
uokE-FiDUVw,ai disruption
uokE-FiDUVw,entrepreneurship
S2Cm5ogG3Ps,ken jee
S2Cm5ogG3Ps,ai disruption
S2Cm5ogG3Ps,golden window
S2Cm5ogG3Ps,ai
S2Cm5ogG3Ps,saas
S2Cm5ogG3Ps,software company
S2Cm5ogG3Ps,entrepreneurship
S2Cm5ogG3Ps,building a software company
S2Cm5ogG3Ps,building with ai
S2Cm5ogG3Ps,coding with ai
S2Cm5ogG3Ps,why i'm building a saas
S2Cm5ogG3Ps,ai takeover
S2Cm5ogG3Ps,what to do about ai
lqOrULJvYXg,data science
lqOrULJvYXg,ken jee
lqOrULJvYXg,machine learning
lqOrULJvYXg,sports analytics
lqOrULJvYXg,data scientist
lqOrULJvYXg,data science journey
lqOrULJvYXg,data science 2023
lqOrULJvYXg,data hackathon
lqOrULJvYXg,alex the analyst
lqOrULJvYXg,tina huang
lqOrULJvYXg,avery smith
lqOrULJvYXg,so you think you can analyze
lqOrULJvYXg,data content creators
lqOrULJvYXg,data competition
lqOrULJvYXg,kaggle
lqOrULJvYXg,posit
lqOrULJvYXg,shiny for python
lqOrULJvYXg,python
Hyhfa7z0jTk,data science
Hyhfa7z0jTk,ken jee
Hyhfa7z0jTk,machine learning
Hyhfa7z0jTk,data scientist
Hyhfa7z0jTk,data science journey
Hyhfa7z0jTk,data science 2023
Hyhfa7z0jTk,chatgpt
Hyhfa7z0jTk,iq
Hyhfa7z0jTk,what is chatgpts iq
Hyhfa7z0jTk,chat gpt
Hyhfa7z0jTk,open ai
Hyhfa7z0jTk,what is chatgpt
Hyhfa7z0jTk,chatgpt images
M1I5HlzQges,data science
M1I5HlzQges,ken jee
M1I5HlzQges,machine learning
M1I5HlzQges,jobs
M1I5HlzQges,career
M1I5HlzQges,contracting
M1I5HlzQges,tech layoffs
M1I5HlzQges,tech jobs
M1I5HlzQges,tech
M1I5HlzQges,full time job vs contract position
M1I5HlzQges,contract vs full time
T_-0l0ORi5I,data science
T_-0l0ORi5I,ken jee
T_-0l0ORi5I,data scientist
T_-0l0ORi5I,data science journey
T_-0l0ORi5I,data science 2023
T_-0l0ORi5I,data jobs
T_-0l0ORi5I,data engineer
T_-0l0ORi5I,data analyst
T_-0l0ORi5I,data job market
T_-0l0ORi5I,recession
T_-0l0ORi5I,survival guide
T_-0l0ORi5I,data science dead
T_-0l0ORi5I,tech
T_-0l0ORi5I,layoffs
w13zJB_jyBI,data science
w13zJB_jyBI,ken jee
w13zJB_jyBI,data scientist
w13zJB_jyBI,data science journey
w13zJB_jyBI,data science 2023
w13zJB_jyBI,data engineer
w13zJB_jyBI,data jobs
w13zJB_jyBI,data analyst
w13zJB_jyBI,job market
w13zJB_jyBI,jobs
oZ9rMrqyTbI,data science
oZ9rMrqyTbI,ken jee
oZ9rMrqyTbI,machine learning
oZ9rMrqyTbI,ai
oZ9rMrqyTbI,ai jobs
oZ9rMrqyTbI,jobs ai will end
oZ9rMrqyTbI,industries ai will disrupt
oZ9rMrqyTbI,artificial intelligence
oZ9rMrqyTbI,ai job loss
oZ9rMrqyTbI,how ai is changing industries
oZ9rMrqyTbI,ai impact on jobs
oZ9rMrqyTbI,ai disrupting industries
oZ9rMrqyTbI,automation and job loss
oZ9rMrqyTbI,future tech
oZ9rMrqyTbI,education
oZ9rMrqyTbI,cyber security
oZ9rMrqyTbI,gaming
oZ9rMrqyTbI,outsourcing
oZ9rMrqyTbI,customer service
6BrYKdqq4uA,data science
6BrYKdqq4uA,ken jee
6BrYKdqq4uA,data science journey
6BrYKdqq4uA,data science 2023
6BrYKdqq4uA,data science travel bag
6BrYKdqq4uA,edc
6BrYKdqq4uA,every day carry
6BrYKdqq4uA,tech bag
6BrYKdqq4uA,whats in my bag
6BrYKdqq4uA,tech travel
6BrYKdqq4uA,travel backpack
6BrYKdqq4uA,everyday carry
1dAvbIMrLos,ken jee
1dAvbIMrLos,artificial intelligence
1dAvbIMrLos,chat gpt
1dAvbIMrLos,future of work
1dAvbIMrLos,ai jobs
1dAvbIMrLos,gpt4
1dAvbIMrLos,data
1dAvbIMrLos,elon musk
lqYxmYMkfK8,data science
lqYxmYMkfK8,ken jee
lqYxmYMkfK8,machine learning
lqYxmYMkfK8,data science 2023
lqYxmYMkfK8,chat gpt
lqYxmYMkfK8,chatgpt
lqYxmYMkfK8,code interpreter
lqYxmYMkfK8,ai
lqYxmYMkfK8,chatgpt code interpreter is overrated
lqYxmYMkfK8,chatgpt code interpreter
lqYxmYMkfK8,artificial intelligence
lqYxmYMkfK8,code interpreter chatgpt
lqYxmYMkfK8,open ai
lqYxmYMkfK8,ai news
lqYxmYMkfK8,gpt 4
-JTU734oMfk,data science
-JTU734oMfk,ken jee
-JTU734oMfk,machine learning
-JTU734oMfk,data scientist
-JTU734oMfk,data science journey
-JTU734oMfk,data science 2023
-JTU734oMfk,data science course
-JTU734oMfk,course announcement
-JTU734oMfk,ml algorithms
-JTU734oMfk,ml process
-JTU734oMfk,data applications
-JTU734oMfk,ml a-z
-JTU734oMfk,course bundle
-JTU734oMfk,python programming
-JTU734oMfk,365 data science
-JTU734oMfk,kaggle
HVpbmu7rFYE,data science
HVpbmu7rFYE,ken jee
HVpbmu7rFYE,machine learning
HVpbmu7rFYE,data scientist
HVpbmu7rFYE,data science journey
HVpbmu7rFYE,data science 2023
HVpbmu7rFYE,zendesk relate
HVpbmu7rFYE,ai
HVpbmu7rFYE,conference
HVpbmu7rFYE,customer service
HVpbmu7rFYE,customer experience
HVpbmu7rFYE,artificial intelligence
HVpbmu7rFYE,open ai
NQQ3DRdXAXE,data science
NQQ3DRdXAXE,ken jee
NQQ3DRdXAXE,machine learning
NQQ3DRdXAXE,data scientist
NQQ3DRdXAXE,data science 2023
NQQ3DRdXAXE,data science project
NQQ3DRdXAXE,data science project walkthrough
NQQ3DRdXAXE,kaggle compeition
NQQ3DRdXAXE,kaggle project
NQQ3DRdXAXE,data science basic project
NQQ3DRdXAXE,kaggle.com
NQQ3DRdXAXE,kaggle basics
NQQ3DRdXAXE,kaggle submission
NQQ3DRdXAXE,data science kaggle
NQQ3DRdXAXE,kaggle beginners
NQQ3DRdXAXE,data science beginners
NQQ3DRdXAXE,kaggle analysis
NQQ3DRdXAXE,svc
NQQ3DRdXAXE,kaggle
NQQ3DRdXAXE,housing prices
xpi-M2j3NmE,data science
xpi-M2j3NmE,ken jee
xpi-M2j3NmE,machine learning
xpi-M2j3NmE,data scientist
xpi-M2j3NmE,data science journey
xpi-M2j3NmE,data science 2023
xpi-M2j3NmE,ai
xpi-M2j3NmE,chat gpt
xpi-M2j3NmE,gpt4
xpi-M2j3NmE,chatgpt
xpi-M2j3NmE,artificial intelligence
xpi-M2j3NmE,learning roadmap
xpi-M2j3NmE,ai tutor
xpi-M2j3NmE,real-world projects
xpi-M2j3NmE,data analytics
xpi-M2j3NmE,skill development
X07w7QFoLpc,data science
X07w7QFoLpc,ken jee
X07w7QFoLpc,machine learning
X07w7QFoLpc,sports analytics
X07w7QFoLpc,data scientist
X07w7QFoLpc,data science journey
X07w7QFoLpc,data science 2023
X07w7QFoLpc,chatgpt
X07w7QFoLpc,gpt 4
X07w7QFoLpc,ai
X07w7QFoLpc,future
X07w7QFoLpc,jobs
X07w7QFoLpc,ai adoption
X07w7QFoLpc,artificial intelligence
RRnThAtKuq0,data science
RRnThAtKuq0,ken jee
RRnThAtKuq0,machine learning
RRnThAtKuq0,sports analytics
RRnThAtKuq0,data scientist
RRnThAtKuq0,data science journey
RRnThAtKuq0,data science 2023
RRnThAtKuq0,chat gpt
RRnThAtKuq0,gpt 4
RRnThAtKuq0,coding with gpt 4
RRnThAtKuq0,coding
RRnThAtKuq0,programming
RRnThAtKuq0,ill never code the same again
RRnThAtKuq0,ai
RRnThAtKuq0,artificial intelligence
r3zOpjEOkgE,data science
r3zOpjEOkgE,ken jee
r3zOpjEOkgE,machine learning
r3zOpjEOkgE,sports analytics
r3zOpjEOkgE,data scientist
r3zOpjEOkgE,data science journey
r3zOpjEOkgE,data science portfolio
r3zOpjEOkgE,data science 2023
r3zOpjEOkgE,jobs
s-XYFEzy9Wc,data science
s-XYFEzy9Wc,ken jee
s-XYFEzy9Wc,machine learning
s-XYFEzy9Wc,sports analytics
s-XYFEzy9Wc,data scientist
s-XYFEzy9Wc,data science journey
s-XYFEzy9Wc,data science 2023
s-XYFEzy9Wc,networking
s-XYFEzy9Wc,linkedin
s-XYFEzy9Wc,content
iBh1wl4o6V4,data science
iBh1wl4o6V4,ken jee
iBh1wl4o6V4,machine learning
iBh1wl4o6V4,sports analytics
iBh1wl4o6V4,data scientist
iBh1wl4o6V4,data science journey
iBh1wl4o6V4,you're job searching wrong
iBh1wl4o6V4,data jobs
iBh1wl4o6V4,career
L6lXKdP4Qbg,data science
L6lXKdP4Qbg,ken jee
L6lXKdP4Qbg,machine learning
L6lXKdP4Qbg,sports analytics
L6lXKdP4Qbg,data scientist
L6lXKdP4Qbg,data science journey
L6lXKdP4Qbg,data science 2023
L6lXKdP4Qbg,data jobs
xGDl6rlBygU,data science
xGDl6rlBygU,ken jee
xGDl6rlBygU,machine learning
xGDl6rlBygU,sports analytics
xGDl6rlBygU,data scientist
xGDl6rlBygU,data science journey
xGDl6rlBygU,phone listening
xGDl6rlBygU,search
xGDl6rlBygU,add recommendations
SY6y6Y8C594,data science
SY6y6Y8C594,ken jee
SY6y6Y8C594,machine learning
SY6y6Y8C594,sports analytics
SY6y6Y8C594,data scientist
SY6y6Y8C594,data science journey
SY6y6Y8C594,books
SY6y6Y8C594,career
SY6y6Y8C594,best books
1RUj2aLQx8I,data science
1RUj2aLQx8I,ken jee
1RUj2aLQx8I,machine learning
1RUj2aLQx8I,sports analytics
1RUj2aLQx8I,data scientist
1RUj2aLQx8I,data science journey
1RUj2aLQx8I,phone listening
1RUj2aLQx8I,device listening
MkzZXSw1Glk,data science
MkzZXSw1Glk,ken jee
MkzZXSw1Glk,machine learning
MkzZXSw1Glk,sports analytics
MkzZXSw1Glk,data scientist
MkzZXSw1Glk,data science journey
MkzZXSw1Glk,quit data science
MkzZXSw1Glk,bad manager
9neDFXTxKxA,data science
9neDFXTxKxA,ken jee
9neDFXTxKxA,machine learning
9neDFXTxKxA,sports analytics
9neDFXTxKxA,data scientist
9neDFXTxKxA,data science journey
9neDFXTxKxA,data science 2023
9neDFXTxKxA,chat gpt
9neDFXTxKxA,chatgpt
9neDFXTxKxA,ai
9neDFXTxKxA,chatgpt data science
9neDFXTxKxA,will chat gpt replace data scientists
9neDFXTxKxA,open ai
9neDFXTxKxA,artificial intelligence
UaNNVukM27g,data science
UaNNVukM27g,ken jee
UaNNVukM27g,machine learning
UaNNVukM27g,sports analytics
UaNNVukM27g,data scientist
UaNNVukM27g,data science journey
UaNNVukM27g,data science 2023
UaNNVukM27g,quit data science
3lN0-S3symM,data science
3lN0-S3symM,ken jee
3lN0-S3symM,machine learning
3lN0-S3symM,sports analytics
3lN0-S3symM,data scientist
3lN0-S3symM,data science journey
3lN0-S3symM,data science 2023
M-AN8eWLxms,data science
M-AN8eWLxms,ken jee
M-AN8eWLxms,machine learning
M-AN8eWLxms,sports analytics
M-AN8eWLxms,data scientist
M-AN8eWLxms,data science journey
M-AN8eWLxms,data science 2023
M-AN8eWLxms,data analyst
MXFZhbvQqM8,data science
MXFZhbvQqM8,ken jee
MXFZhbvQqM8,machine learning
MXFZhbvQqM8,sports analytics
MXFZhbvQqM8,data scientist
MXFZhbvQqM8,data science journey
MXFZhbvQqM8,data science 2023
MXFZhbvQqM8,data analyst
MXFZhbvQqM8,data analyst to data scientist
54n61XjKifI,data science
54n61XjKifI,ken jee
54n61XjKifI,machine learning
54n61XjKifI,sports analytics
54n61XjKifI,data scientist
54n61XjKifI,data science journey
54n61XjKifI,data science 2023
pyWYIRR8rrE,data science
pyWYIRR8rrE,ken jee
pyWYIRR8rrE,machine learning
pyWYIRR8rrE,sports analytics
pyWYIRR8rrE,data scientist
pyWYIRR8rrE,data science journey
pyWYIRR8rrE,data science 2023
pyWYIRR8rrE,data science salary
onwRfbt--cw,data science
onwRfbt--cw,ken jee
onwRfbt--cw,machine learning
onwRfbt--cw,sports analytics
onwRfbt--cw,data scientist
onwRfbt--cw,data science journey
onwRfbt--cw,data science 2023
onwRfbt--cw,data science project
onwRfbt--cw,watch this before starting your first data science project
onwRfbt--cw,first project
onwRfbt--cw,python
onwRfbt--cw,kaggle
u6P23ouSYhA,data science
u6P23ouSYhA,ken jee
u6P23ouSYhA,machine learning
u6P23ouSYhA,sports analytics
u6P23ouSYhA,data scientist
u6P23ouSYhA,data science journey
u6P23ouSYhA,data science 2023
u6P23ouSYhA,data science jobs
u6P23ouSYhA,application
RMMVuvS7S_g,data science
RMMVuvS7S_g,ken jee
RMMVuvS7S_g,machine learning
RMMVuvS7S_g,sports analytics
RMMVuvS7S_g,data scientist
RMMVuvS7S_g,data science journey
RMMVuvS7S_g,data science 2023
RMMVuvS7S_g,why you probably won't become a data scientist
RMMVuvS7S_g,data science beginners
5AwbPAV8FS0,data science
5AwbPAV8FS0,ken jee
5AwbPAV8FS0,machine learning
5AwbPAV8FS0,sports analytics
5AwbPAV8FS0,data scientist
5AwbPAV8FS0,data science journey
5AwbPAV8FS0,data science 2023
5AwbPAV8FS0,data science salary
A2OQgU0IRNo,data science
A2OQgU0IRNo,ken jee
A2OQgU0IRNo,machine learning
A2OQgU0IRNo,sports analytics
A2OQgU0IRNo,data scientist
A2OQgU0IRNo,data science journey
A2OQgU0IRNo,data science 2023
x5Q_nrIqFik,data science
x5Q_nrIqFik,ken jee
x5Q_nrIqFik,machine learning
x5Q_nrIqFik,sports analytics
x5Q_nrIqFik,data scientist
x5Q_nrIqFik,data science journey
x5Q_nrIqFik,data science 2023
x5Q_nrIqFik,will data science be automated
x5Q_nrIqFik,automation
7ja2ELBVMlU,data science
7ja2ELBVMlU,ken jee
7ja2ELBVMlU,machine learning
7ja2ELBVMlU,sports analytics
7ja2ELBVMlU,data scientist
7ja2ELBVMlU,data science journey
7ja2ELBVMlU,data science in 2023
7ja2ELBVMlU,is data science a good career
Z2MyLQa_vVw,data science
Z2MyLQa_vVw,ken jee
Z2MyLQa_vVw,machine learning
Z2MyLQa_vVw,sports analytics
Z2MyLQa_vVw,data scientist
Z2MyLQa_vVw,data science journey
Z2MyLQa_vVw,books
Z2MyLQa_vVw,books i wish i read earlier
Z2MyLQa_vVw,self help
Z2MyLQa_vVw,so good they can't ignore you
Z2MyLQa_vVw,crucial conversations
Z2MyLQa_vVw,never split the difference
Z2MyLQa_vVw,4dx
Z2MyLQa_vVw,the one thing
Z2MyLQa_vVw,life changing books
Z2MyLQa_vVw,career
JTlB9fwYRk0,data science
JTlB9fwYRk0,ken jee
JTlB9fwYRk0,machine learning
JTlB9fwYRk0,sports analytics
JTlB9fwYRk0,data scientist
JTlB9fwYRk0,data science journey
JTlB9fwYRk0,data science 2023
JTlB9fwYRk0,data science projects
JTlB9fwYRk0,beginner
OJDf_fTENJ4,data science
OJDf_fTENJ4,ken jee
OJDf_fTENJ4,machine learning
OJDf_fTENJ4,sports analytics
OJDf_fTENJ4,data scientist
OJDf_fTENJ4,data science journey
OJDf_fTENJ4,data science 2023
OJDf_fTENJ4,data science tools
OJDf_fTENJ4,python
nqCkdqhV-JY,data science
nqCkdqhV-JY,ken jee
nqCkdqhV-JY,machine learning
nqCkdqhV-JY,sports analytics
nqCkdqhV-JY,data scientist
nqCkdqhV-JY,data science journey
nqCkdqhV-JY,data science 2023
nqCkdqhV-JY,how long does it take to be a data scientist
b8t8lDL13sg,data science
b8t8lDL13sg,ken jee
b8t8lDL13sg,machine learning
b8t8lDL13sg,sports analytics
b8t8lDL13sg,data scientist
b8t8lDL13sg,data science journey
b8t8lDL13sg,data science 2023
b8t8lDL13sg,where to start data science
b8t8lDL13sg,how to start data science
t6CD1EwU5kc,data science
t6CD1EwU5kc,ken jee
t6CD1EwU5kc,data scientist
t6CD1EwU5kc,data science 2023
t6CD1EwU5kc,how i would learn data science
t6CD1EwU5kc,how i would not learn data science
t6CD1EwU5kc,machine learning
t6CD1EwU5kc,data analyst
t6CD1EwU5kc,data analysis
eIxHe45hzhQ,data science
eIxHe45hzhQ,ken jee
eIxHe45hzhQ,machine learning
eIxHe45hzhQ,sports analytics
eIxHe45hzhQ,data scientist
eIxHe45hzhQ,data science journey
eIxHe45hzhQ,data science 2021
eIxHe45hzhQ,kaggle days
eIxHe45hzhQ,kaggle
eIxHe45hzhQ,kaggle days world championship
eIxHe45hzhQ,data science competition
eIxHe45hzhQ,data science world championship
3NJOWWvNK3I,data science
3NJOWWvNK3I,ken jee
3NJOWWvNK3I,machine learning
3NJOWWvNK3I,sports analytics
3NJOWWvNK3I,data scientist
3NJOWWvNK3I,data science journey
3NJOWWvNK3I,data science 2023
3NJOWWvNK3I,coding for data science
3NJOWWvNK3I,python
3NJOWWvNK3I,coding concepts
3NJOWWvNK3I,programming for data science
3NJOWWvNK3I,programming
3NJOWWvNK3I,coding
4_VtMWJSo1o,data science
4_VtMWJSo1o,ken jee
4_VtMWJSo1o,machine learning
4_VtMWJSo1o,data scientist
4_VtMWJSo1o,data science journey
4_VtMWJSo1o,iron analyst
4_VtMWJSo1o,data science content house
4_VtMWJSo1o,bright data
4_VtMWJSo1o,bright data house
4_VtMWJSo1o,data science 2022
4_VtMWJSo1o,data engineer
4_VtMWJSo1o,ml engineer
4_VtMWJSo1o,content house
4_VtMWJSo1o,meetup
OybXWl3IWvI,data science
OybXWl3IWvI,ken jee
OybXWl3IWvI,machine learning
OybXWl3IWvI,sports analytics
OybXWl3IWvI,data scientist
OybXWl3IWvI,data science journey
OybXWl3IWvI,data science 2022
OybXWl3IWvI,is data science worth it
OybXWl3IWvI,is data science a good career
OybXWl3IWvI,careers
OybXWl3IWvI,365 data science
OybXWl3IWvI,should you become a data scientist?
nRHPQ5ZeB5Y,data science
nRHPQ5ZeB5Y,ken jee
nRHPQ5ZeB5Y,machine learning
nRHPQ5ZeB5Y,sports analytics
nRHPQ5ZeB5Y,data scientist
nRHPQ5ZeB5Y,data science journey
nRHPQ5ZeB5Y,data science 2021
0JWC4M0Qhqc,data science
0JWC4M0Qhqc,ken jee
0JWC4M0Qhqc,machine learning
0JWC4M0Qhqc,data scientist
0JWC4M0Qhqc,data scientist vs data analyst
0JWC4M0Qhqc,alex the analyst
0JWC4M0Qhqc,skit
0JWC4M0Qhqc,funny
0JWC4M0Qhqc,tech
0JWC4M0Qhqc,tech humor
0JWC4M0Qhqc,office
0JWC4M0Qhqc,joma tech
oNvyvYGw5n4,data science
oNvyvYGw5n4,ken jee
oNvyvYGw5n4,machine learning
oNvyvYGw5n4,sports analytics
oNvyvYGw5n4,data scientist
oNvyvYGw5n4,data science journey
oNvyvYGw5n4,data science 2021
GaZRuchRCyw,data science
GaZRuchRCyw,ken jee
GaZRuchRCyw,machine learning
GaZRuchRCyw,sports analytics
GaZRuchRCyw,data scientist
GaZRuchRCyw,data science journey
GaZRuchRCyw,data science 2021
EBjYqC3aNTA,data science
EBjYqC3aNTA,ken jee
EBjYqC3aNTA,machine learning
EBjYqC3aNTA,data scientist
EBjYqC3aNTA,data science journey
EBjYqC3aNTA,coding for data science
EBjYqC3aNTA,how i would learn to code
EBjYqC3aNTA,coding
EBjYqC3aNTA,beginner coding
EBjYqC3aNTA,how to learn coding
EBjYqC3aNTA,software development
EBjYqC3aNTA,code
EBjYqC3aNTA,computer science
EBjYqC3aNTA,python
QMP858aZcow,data science
QMP858aZcow,ken jee
QMP858aZcow,machine learning
QMP858aZcow,sports analytics
QMP858aZcow,data scientist
QMP858aZcow,data science journey
QMP858aZcow,data science 2022
QMP858aZcow,data science projects
QMP858aZcow,5 impactful projects
QMP858aZcow,portfolio projects
QMP858aZcow,jobs
QMP858aZcow,data science projects for beginners
0ItYIoOrrUs,data science
0ItYIoOrrUs,ken jee
0ItYIoOrrUs,machine learning
0ItYIoOrrUs,sports analytics
0ItYIoOrrUs,data scientist
0ItYIoOrrUs,data science journey
0ItYIoOrrUs,sas
0ItYIoOrrUs,batting lab
0ItYIoOrrUs,pose estimation
0ItYIoOrrUs,baseball analytics
0ItYIoOrrUs,data literacy
0ItYIoOrrUs,swing analytics
0ItYIoOrrUs,python
0ItYIoOrrUs,baseball
0ItYIoOrrUs,project
0ItYIoOrrUs,video analysis
KzTFoUbThvM,data science
KzTFoUbThvM,ken jee
KzTFoUbThvM,machine learning
KzTFoUbThvM,sports analytics
KzTFoUbThvM,data scientist
KzTFoUbThvM,data science journey
KzTFoUbThvM,luke barousse
KzTFoUbThvM,tina huang
KzTFoUbThvM,every data scienist
KzTFoUbThvM,data science 2022
KzTFoUbThvM,engineer
KzTFoUbThvM,analyst
KzTFoUbThvM,data analyst vs data scientist
KzTFoUbThvM,miki
KzTFoUbThvM,machine learning engineer
KzTFoUbThvM,funny
KzTFoUbThvM,skit
bBJd0oPdNak,data science
bBJd0oPdNak,ken jee
bBJd0oPdNak,machine learning
bBJd0oPdNak,sports analytics
bBJd0oPdNak,data scientist
bBJd0oPdNak,data science journey
bBJd0oPdNak,data science content house
bBJd0oPdNak,data science 2022
bBJd0oPdNak,tina huang
bBJd0oPdNak,luke barousse
bBJd0oPdNak,shashank kalanithi
bBJd0oPdNak,code emporium
Yk-unX4KnV4,data science
Yk-unX4KnV4,ken jee
Yk-unX4KnV4,machine learning
Yk-unX4KnV4,sports analytics
Yk-unX4KnV4,data scientist
Yk-unX4KnV4,data science journey
Yk-unX4KnV4,data science project
Yk-unX4KnV4,data science portfolio
Yk-unX4KnV4,data science portfolio project
Yk-unX4KnV4,beginner project
Yk-unX4KnV4,portfolio project
Yk-unX4KnV4,dashboard
Yk-unX4KnV4,streamlit
Yk-unX4KnV4,portfolio
Yk-unX4KnV4,project
Yk-unX4KnV4,data science 2022
Yk-unX4KnV4,streamlit dashboard
Yk-unX4KnV4,project example
z0_xrtFdFj8,data science
z0_xrtFdFj8,ken jee
z0_xrtFdFj8,machine learning
z0_xrtFdFj8,data scientist
z0_xrtFdFj8,data science journey
z0_xrtFdFj8,data science jobs
z0_xrtFdFj8,job rejection
z0_xrtFdFj8,data engineer
z0_xrtFdFj8,data analyst
z0_xrtFdFj8,data
z0_xrtFdFj8,tech jobs
z0_xrtFdFj8,dice
z0_xrtFdFj8,dice.com
z0_xrtFdFj8,job platform
z0_xrtFdFj8,careers
z0_xrtFdFj8,career advice
vVpkXEIn-q0,data science
vVpkXEIn-q0,ken jee
vVpkXEIn-q0,machine learning
vVpkXEIn-q0,data scientist
vVpkXEIn-q0,nft analysis
vVpkXEIn-q0,nft scams
vVpkXEIn-q0,opensea
vVpkXEIn-q0,nft ai
vVpkXEIn-q0,nft data science
vVpkXEIn-q0,nft data
vVpkXEIn-q0,nonfungible tokens
vVpkXEIn-q0,coffeezilla
vVpkXEIn-q0,gary vee
vVpkXEIn-q0,logan paul
vVpkXEIn-q0,mark cuban
vVpkXEIn-q0,nft
vVpkXEIn-q0,web 3
vVpkXEIn-q0,nft marketplace
vVpkXEIn-q0,data scientists battle nft scams
aipz4p7GDL4,data science
aipz4p7GDL4,ken jee
aipz4p7GDL4,machine learning
aipz4p7GDL4,data scientist
aipz4p7GDL4,business intelligence
aipz4p7GDL4,bi
aipz4p7GDL4,computer science
aipz4p7GDL4,datascientist
aipz4p7GDL4,data analyst
aipz4p7GDL4,dataanalyst
aipz4p7GDL4,scientist vs analyst
aipz4p7GDL4,pm vs data scientist
aipz4p7GDL4,pm vs analyst
aipz4p7GDL4,pm vs data science vs dat analyst
aipz4p7GDL4,project manager
aipz4p7GDL4,project management
aipz4p7GDL4,pm
aipz4p7GDL4,project manager for data
iPdO9MwdcLE,data science
iPdO9MwdcLE,ken jee
iPdO9MwdcLE,machine learning
iPdO9MwdcLE,data scientist
iPdO9MwdcLE,jobs
iPdO9MwdcLE,what professional data scientists actually do
YPph59-rTxA,data science
YPph59-rTxA,ken jee
YPph59-rTxA,machine learning
YPph59-rTxA,data scientist
YPph59-rTxA,data science journey
YPph59-rTxA,data science 2022
YPph59-rTxA,youtube data
YPph59-rTxA,youtube data analysis
YPph59-rTxA,community project
YPph59-rTxA,data science project
YPph59-rTxA,community data science project
YPph59-rTxA,machine learning project
YPph59-rTxA,ken jee data
YPph59-rTxA,data
YPph59-rTxA,youtube api
YPph59-rTxA,youtube data scrape
YPph59-rTxA,66daysofdata
YPph59-rTxA,data analytics project
-2U2CMYom00,data science
-2U2CMYom00,ken jee
-2U2CMYom00,machine learning
-2U2CMYom00,sports analytics
-2U2CMYom00,data scientist
-2U2CMYom00,data science journey
-2U2CMYom00,data science 2021
-2U2CMYom00,project engagement
-2U2CMYom00,z by hp
-2U2CMYom00,365 data science
-2U2CMYom00,channel giveaway
-2U2CMYom00,youtube data
-2U2CMYom00,comment leaderboard
-2U2CMYom00,youtube leaderboard
KEeUR8UDy-s,data science
KEeUR8UDy-s,ken jee
KEeUR8UDy-s,machine learning
KEeUR8UDy-s,sports analytics
KEeUR8UDy-s,data scientist
KEeUR8UDy-s,bill benter algorithm
KEeUR8UDy-s,bill benter
KEeUR8UDy-s,horse racing
KEeUR8UDy-s,horse betting
KEeUR8UDy-s,horse race betting
KEeUR8UDy-s,alan woods
KEeUR8UDy-s,logistic regression
KEeUR8UDy-s,machine learning models for betting
KEeUR8UDy-s,sports betting algorithm
KEeUR8UDy-s,bill benter formula
KEeUR8UDy-s,bill benter horse racing algorithm
0jTtHYie3CU,data science
0jTtHYie3CU,ken jee
0jTtHYie3CU,machine learning
0jTtHYie3CU,data scientist
0jTtHYie3CU,web 3
0jTtHYie3CU,web 3 and data science
0jTtHYie3CU,what does web 3 mean for data science
0jTtHYie3CU,should you be excited about web 3
0jTtHYie3CU,is web 3 good
0jTtHYie3CU,web 3 data
0jTtHYie3CU,blockchain data science
0jTtHYie3CU,metaverse
0jTtHYie3CU,nft
0jTtHYie3CU,ai
0jTtHYie3CU,web 3 ai
0jTtHYie3CU,web 3 machine learning
0jTtHYie3CU,blockchain
2RWwN5ZT4tA,ken jee
2RWwN5ZT4tA,data scientist
2RWwN5ZT4tA,luke barousse
2RWwN5ZT4tA,data analyst
2RWwN5ZT4tA,data analyst job
2RWwN5ZT4tA,should you take the data analyst job?
rEWPqw6rMGI,data science
rEWPqw6rMGI,ken jee
rEWPqw6rMGI,machine learning
rEWPqw6rMGI,sports analytics
rEWPqw6rMGI,data scientist
rEWPqw6rMGI,data science journey
rEWPqw6rMGI,data science explained
rEWPqw6rMGI,data science 2022
rEWPqw6rMGI,what is data science
rEWPqw6rMGI,data science for beginners
rEWPqw6rMGI,where to start data science
o-wsyxWbPOw,data science
o-wsyxWbPOw,ken jee
o-wsyxWbPOw,machine learning
o-wsyxWbPOw,data scientist
o-wsyxWbPOw,machine learning assessment
o-wsyxWbPOw,linkedin ml assessment
o-wsyxWbPOw,should you do a data science certificate
o-wsyxWbPOw,machine learning certificate
o-wsyxWbPOw,linkedin
o-wsyxWbPOw,tech
o-wsyxWbPOw,react
xpIFS6jZbe8,data science
xpIFS6jZbe8,data scientist
xpIFS6jZbe8,data science journey
xpIFS6jZbe8,data science in 2022
xpIFS6jZbe8,machine learning
xpIFS6jZbe8,how i would learn data science
xpIFS6jZbe8,how to data science
xpIFS6jZbe8,data science learning
xpIFS6jZbe8,data science day in the life
xpIFS6jZbe8,how to learn data science
xpIFS6jZbe8,python
xpIFS6jZbe8,data science career change
xpIFS6jZbe8,data science course
xpIFS6jZbe8,data science from zero
xpIFS6jZbe8,ken jee
-zbLpoJVBMI,data science
-zbLpoJVBMI,ken jee
-zbLpoJVBMI,machine learning
-zbLpoJVBMI,data scientist
-zbLpoJVBMI,data science 2021
-zbLpoJVBMI,wsl
-zbLpoJVBMI,wsl 2
-zbLpoJVBMI,windows subsystem for linux
-zbLpoJVBMI,windows subsystem for linux 2
-zbLpoJVBMI,linux
-zbLpoJVBMI,ubuntu
-zbLpoJVBMI,dual boot
-zbLpoJVBMI,what is wsl 2
-zbLpoJVBMI,linux for data science
-zbLpoJVBMI,data science linux
-zbLpoJVBMI,data science wsl 2
-zbLpoJVBMI,ml wsl 2
-zbLpoJVBMI,windows 11
scSc6YSanQ0,data science
scSc6YSanQ0,machine learning
scSc6YSanQ0,data scientist
scSc6YSanQ0,statistics
scSc6YSanQ0,ww2
scSc6YSanQ0,survivorship bias
scSc6YSanQ0,world war ii
FqNpDNmpcEo,data science
FqNpDNmpcEo,ken jee
FqNpDNmpcEo,machine learning
FqNpDNmpcEo,zillow
FqNpDNmpcEo,zillow stock
FqNpDNmpcEo,real estate crash
FqNpDNmpcEo,zillow loss
FqNpDNmpcEo,ibuyer
FqNpDNmpcEo,zillow flip
FqNpDNmpcEo,zillow offers
FqNpDNmpcEo,zillow ai
FqNpDNmpcEo,zestimate
FqNpDNmpcEo,machine learning goes wrong
FqNpDNmpcEo,bad data science
FqNpDNmpcEo,zillow crash
FqNpDNmpcEo,zillow ibuyer
FqNpDNmpcEo,algorithm
FqNpDNmpcEo,ai scary
FqNpDNmpcEo,real estate
vwvdtXMcNzI,data science
vwvdtXMcNzI,ken jee
vwvdtXMcNzI,machine learning
vwvdtXMcNzI,data scientist
vwvdtXMcNzI,data science journey
vwvdtXMcNzI,data science 2021
vwvdtXMcNzI,data engineering
vwvdtXMcNzI,why is data engineering so hot right now
vwvdtXMcNzI,data engineering vs data science
vwvdtXMcNzI,data engineering jobs
vwvdtXMcNzI,data
vwvdtXMcNzI,data engineering careers
vwvdtXMcNzI,seattle data guy
vwvdtXMcNzI,sundas khalid
vwvdtXMcNzI,data engineer skills
vwvdtXMcNzI,data engineer
vwvdtXMcNzI,data engineering explained
vwvdtXMcNzI,become a data engineer
vwvdtXMcNzI,what is data engineering
vwvdtXMcNzI,why data engineering
2qVWurPFwfc,data science
2qVWurPFwfc,ken jee
2qVWurPFwfc,machine learning
2qVWurPFwfc,sports analytics
2qVWurPFwfc,data scientist
2qVWurPFwfc,data science journey
2qVWurPFwfc,data science 2021
2qVWurPFwfc,data science 2022
2qVWurPFwfc,is data science dying
2qVWurPFwfc,is data science obsolete
2qVWurPFwfc,data science dead
2qVWurPFwfc,data science jobs saturated
2qVWurPFwfc,data science hype
2qVWurPFwfc,data science worth it
2qVWurPFwfc,data science automation
2qVWurPFwfc,future of data science
2qVWurPFwfc,future of ai
2qVWurPFwfc,future of machine learning
2qVWurPFwfc,ai automation
2qVWurPFwfc,data science jobs
2qVWurPFwfc,data science job shortage
2qVWurPFwfc,auotmation
2qVWurPFwfc,jobs
2qVWurPFwfc,hype
2qVWurPFwfc,ml
2qVWurPFwfc,ai
2qVWurPFwfc,data science in 2030
35g8fCi-kbw,ken jee
35g8fCi-kbw,books
35g8fCi-kbw,books on health
35g8fCi-kbw,life changing books
35g8fCi-kbw,incredible books
35g8fCi-kbw,books that transformed my health
35g8fCi-kbw,books that transformed my health and my life
35g8fCi-kbw,life change
35g8fCi-kbw,self help
35g8fCi-kbw,personal improvement
35g8fCi-kbw,david goggins
35g8fCi-kbw,lifespan
35g8fCi-kbw,breath
35g8fCi-kbw,cal newport
35g8fCi-kbw,david sinclair
35g8fCi-kbw,why we sleep
35g8fCi-kbw,books on diet
35g8fCi-kbw,fasting
35g8fCi-kbw,book recommendations
35g8fCi-kbw,best books
35g8fCi-kbw,books that changed my life
35g8fCi-kbw,books to read
35g8fCi-kbw,must read books
35g8fCi-kbw,top 5 books that will change your life
35g8fCi-kbw,book recommendations 2021
35g8fCi-kbw,self development books
n6MiRgxN5iA,data science
n6MiRgxN5iA,ken jee
n6MiRgxN5iA,podcast
n6MiRgxN5iA,why you should start a podcast
n6MiRgxN5iA,why everyone should start a podcast
n6MiRgxN5iA,benefits of podcasting
n6MiRgxN5iA,should you start a podcast?
n6MiRgxN5iA,podcasting for introverts
n6MiRgxN5iA,should i start a podcast
n6MiRgxN5iA,start a podcast
n6MiRgxN5iA,podcasting tips
n6MiRgxN5iA,podcasting for beginners
ammCGdzSoag,data science
ammCGdzSoag,ken jee
ammCGdzSoag,machine learning
ammCGdzSoag,sports analytics
ammCGdzSoag,data scientist
ammCGdzSoag,data science journey
ammCGdzSoag,data science 2021
ammCGdzSoag,atoti
ammCGdzSoag,data science project
ammCGdzSoag,data science project from scratch
ammCGdzSoag,dashboard
ammCGdzSoag,data analytics
ammCGdzSoag,atoti dashboard
ammCGdzSoag,data science tutorial
ammCGdzSoag,python
ammCGdzSoag,pandas
ammCGdzSoag,python project
ammCGdzSoag,python data project
ammCGdzSoag,data science for beginners
ammCGdzSoag,machine learning project
15c7WD-lKUY,data science
15c7WD-lKUY,ken jee
15c7WD-lKUY,machine learning
15c7WD-lKUY,sports analytics
15c7WD-lKUY,data scientist
15c7WD-lKUY,data science journey
15c7WD-lKUY,data science 2021
15c7WD-lKUY,machine learning operations
15c7WD-lKUY,ml ops
15c7WD-lKUY,development operations
15c7WD-lKUY,devops
15c7WD-lKUY,sdlc
15c7WD-lKUY,software development lifecycle
15c7WD-lKUY,machine learning lifecycle
15c7WD-lKUY,data science lifecycle
15c7WD-lKUY,machine learning pipeline
15c7WD-lKUY,ml teams
15c7WD-lKUY,machine learning teams
15c7WD-lKUY,ml jobs
15c7WD-lKUY,machine learning jobs
15c7WD-lKUY,docker
15c7WD-lKUY,github
15c7WD-lKUY,weights and biases
15c7WD-lKUY,comet ml
15c7WD-lKUY,artificial intelligence
15c7WD-lKUY,mlops tutorial
TjGFBQC27ng,data science
TjGFBQC27ng,ken jee
TjGFBQC27ng,machine learning
TjGFBQC27ng,sports analytics
TjGFBQC27ng,busines model
TjGFBQC27ng,busines stakeholder
TjGFBQC27ng,business skills
TjGFBQC27ng,business skills for data science
TjGFBQC27ng,business skills for technical people
TjGFBQC27ng,business unit
TjGFBQC27ng,communication
TjGFBQC27ng,data science 2021
TjGFBQC27ng,data science business
TjGFBQC27ng,data science journey
TjGFBQC27ng,data scientist
TjGFBQC27ng,entrepreneur advice
TjGFBQC27ng,how to learn business skills
TjGFBQC27ng,important business skills
TjGFBQC27ng,machine learning business skills
TjGFBQC27ng,mlops
TjGFBQC27ng,networking
TjGFBQC27ng,tech careers
TjGFBQC27ng,time management
TjGFBQC27ng,what are business skills?
qUK5Vk4NvBw,data science
qUK5Vk4NvBw,ken jee
qUK5Vk4NvBw,machine learning
qUK5Vk4NvBw,sports analytics
qUK5Vk4NvBw,data scientist
qUK5Vk4NvBw,data science journey
qUK5Vk4NvBw,data science 2021
cnqTU6eJwH0,data science
cnqTU6eJwH0,ken jee
cnqTU6eJwH0,machine learning
cnqTU6eJwH0,beginner project for data science
cnqTU6eJwH0,data science advice
cnqTU6eJwH0,data science beginners
cnqTU6eJwH0,data science coursework
cnqTU6eJwH0,data science journey
cnqTU6eJwH0,data science project
cnqTU6eJwH0,data science project beginners
cnqTU6eJwH0,data science project example
cnqTU6eJwH0,data science project help
cnqTU6eJwH0,data science project ideas
cnqTU6eJwH0,data science ufc
cnqTU6eJwH0,data scientist
cnqTU6eJwH0,first data science project
cnqTU6eJwH0,my first data science project
cnqTU6eJwH0,python data science
cnqTU6eJwH0,python project
cnqTU6eJwH0,sports analytics
k8YxyrcAXJs,data science
k8YxyrcAXJs,ken jee
k8YxyrcAXJs,machine learning
k8YxyrcAXJs,sports analytics
k8YxyrcAXJs,data scientist
k8YxyrcAXJs,data science journey
k8YxyrcAXJs,data science 2021
k8YxyrcAXJs,data vis
k8YxyrcAXJs,data visualization
k8YxyrcAXJs,is data visualization important for data science
k8YxyrcAXJs,data science perspective
k8YxyrcAXJs,atoti
k8YxyrcAXJs,bi tools
k8YxyrcAXJs,data science bi
k8YxyrcAXJs,data science visualization
k8YxyrcAXJs,graphs
k8YxyrcAXJs,interactive dashboard
k8YxyrcAXJs,business analytics
k8YxyrcAXJs,data analytics
k8YxyrcAXJs,data analyst tools
k8YxyrcAXJs,data science tools
k8YxyrcAXJs,data analyst visualization
k8YxyrcAXJs,low code data vis
VvnOXDCVm8k,data science
VvnOXDCVm8k,ken jee
VvnOXDCVm8k,machine learning
VvnOXDCVm8k,data scientist
VvnOXDCVm8k,data science journey
VvnOXDCVm8k,data science 2021
VvnOXDCVm8k,expectations vs reality
VvnOXDCVm8k,data science projects
VvnOXDCVm8k,data science sketch
VvnOXDCVm8k,data science funny
VvnOXDCVm8k,luke barousse
VvnOXDCVm8k,data vis
VvnOXDCVm8k,sketch
VvnOXDCVm8k,skit
68GGPK3WaqI,data science
68GGPK3WaqI,ken jee
68GGPK3WaqI,machine learning
68GGPK3WaqI,data scientist
68GGPK3WaqI,data science journey
68GGPK3WaqI,data science 2021
68GGPK3WaqI,expectations vs reality
68GGPK3WaqI,data science projects
68GGPK3WaqI,data science sketch
68GGPK3WaqI,data science funny
68GGPK3WaqI,luke barousse
68GGPK3WaqI,data vis
68GGPK3WaqI,sketch
68GGPK3WaqI,skit
S4Lei5mOppc,data science
S4Lei5mOppc,ken jee
S4Lei5mOppc,machine learning
S4Lei5mOppc,sports analytics
S4Lei5mOppc,data scientist
S4Lei5mOppc,data science journey
S4Lei5mOppc,data science 2021
S4Lei5mOppc,meta learning
S4Lei5mOppc,how i learned to learn
S4Lei5mOppc,learning to learn
S4Lei5mOppc,learning skill
S4Lei5mOppc,learning journey
S4Lei5mOppc,flow
S4Lei5mOppc,self help
S4Lei5mOppc,personal improvement
S4Lei5mOppc,ultralearning
S4Lei5mOppc,growth mindset
S4Lei5mOppc,learning mistakes
S4Lei5mOppc,learn new things fast
S4Lei5mOppc,become a better student
S4Lei5mOppc,personal growth
S4Lei5mOppc,movtivation
tG_UW_p0UqE,data science
tG_UW_p0UqE,ken jee
tG_UW_p0UqE,machine learning
tG_UW_p0UqE,sports analytics
tG_UW_p0UqE,data scientist
tG_UW_p0UqE,data science journey
tG_UW_p0UqE,data science 2021
tG_UW_p0UqE,spotify
tG_UW_p0UqE,spotify shuffle
tG_UW_p0UqE,spotify shuffle random
tG_UW_p0UqE,spotify algorithm
tG_UW_p0UqE,cognative bias
tG_UW_p0UqE,short
tG_UW_p0UqE,shorts
tG_UW_p0UqE,data science short
tG_UW_p0UqE,spotify playlist
tG_UW_p0UqE,spotify mystery
143WWA5Sy9k,data science
143WWA5Sy9k,ken jee
143WWA5Sy9k,machine learning
143WWA5Sy9k,sports analytics
143WWA5Sy9k,vlog
143WWA5Sy9k,data scientist
143WWA5Sy9k,data science journey
143WWA5Sy9k,data science 2020
s1gD35Z4eUc,data science
s1gD35Z4eUc,ken jee
s1gD35Z4eUc,machine learning
s1gD35Z4eUc,data scientist
s1gD35Z4eUc,data science journey
s1gD35Z4eUc,data science 2021
s1gD35Z4eUc,api
s1gD35Z4eUc,why are apis important for data science
s1gD35Z4eUc,data science api
s1gD35Z4eUc,api machine learning
s1gD35Z4eUc,tiff in tech
s1gD35Z4eUc,tiff in tech api
s1gD35Z4eUc,ken jee api
s1gD35Z4eUc,application programming interface
s1gD35Z4eUc,api for data science
s1gD35Z4eUc,api for data
s1gD35Z4eUc,useful data apis
s1gD35Z4eUc,software engineer
s1gD35Z4eUc,software developer
s1gD35Z4eUc,software developer api
nrEJGGxcoTc,data science
nrEJGGxcoTc,ken jee
nrEJGGxcoTc,machine learning
nrEJGGxcoTc,are companies listening to you
nrEJGGxcoTc,cell phone data science
nrEJGGxcoTc,data
nrEJGGxcoTc,data privacy
nrEJGGxcoTc,data science 2021
nrEJGGxcoTc,data science advertising
nrEJGGxcoTc,data science journey
nrEJGGxcoTc,data scientist
nrEJGGxcoTc,data scientist reacts
nrEJGGxcoTc,facebook ads
nrEJGGxcoTc,facebook listening
nrEJGGxcoTc,google listening
nrEJGGxcoTc,instagram listening
nrEJGGxcoTc,iphone
nrEJGGxcoTc,is your data private
nrEJGGxcoTc,is your phone listening to you
nrEJGGxcoTc,mark zuckerberg
nrEJGGxcoTc,personal data
nrEJGGxcoTc,phone data
nrEJGGxcoTc,phone listening to conversations
nrEJGGxcoTc,phone spying
nrEJGGxcoTc,reaction video
nrEJGGxcoTc,spy
KfpOuSH9gDc,data science
KfpOuSH9gDc,ken jee
KfpOuSH9gDc,machine learning
KfpOuSH9gDc,sports analytics
KfpOuSH9gDc,vlog
KfpOuSH9gDc,data scientist
KfpOuSH9gDc,data science journey
KfpOuSH9gDc,github vs kaggle
KfpOuSH9gDc,data science 2021
KfpOuSH9gDc,data science portfolio
KfpOuSH9gDc,data science project portfolio
KfpOuSH9gDc,github portfolio
KfpOuSH9gDc,kaggle portfolio
KfpOuSH9gDc,kaggle data science portfolio
KfpOuSH9gDc,github data science portfolio
KfpOuSH9gDc,which is better kaggle or github
KfpOuSH9gDc,what is kaggle
KfpOuSH9gDc,what is github
KfpOuSH9gDc,data science projects
KfpOuSH9gDc,data science projects for resume 2021
sICJ6a2wX5g,data science
sICJ6a2wX5g,ken jee
sICJ6a2wX5g,machine learning
sICJ6a2wX5g,sports analytics
sICJ6a2wX5g,vlog
sICJ6a2wX5g,data scientist
sICJ6a2wX5g,data science journey
sICJ6a2wX5g,data science 2020
sICJ6a2wX5g,66daysofdata
sICJ6a2wX5g,data science learning
sICJ6a2wX5g,data science beginners
sICJ6a2wX5g,data science habits
iiSZqsQKNX8,data science
iiSZqsQKNX8,ken jee
iiSZqsQKNX8,machine learning
iiSZqsQKNX8,sports analytics
iiSZqsQKNX8,vlog
iiSZqsQKNX8,data scientist
iiSZqsQKNX8,data science journey
iiSZqsQKNX8,data science 2021
iiSZqsQKNX8,#66daysofdata
iiSZqsQKNX8,66daysofdata
iiSZqsQKNX8,data science project
iiSZqsQKNX8,data science challenge
iiSZqsQKNX8,data science course
iiSZqsQKNX8,data science community
iiSZqsQKNX8,data science short
iiSZqsQKNX8,short
iiSZqsQKNX8,shorts
iiSZqsQKNX8,data science youtuber
iiSZqsQKNX8,66 days of data
iiSZqsQKNX8,data science learning
iiSZqsQKNX8,kaggle data science
iiSZqsQKNX8,how to learn data science in 2021
iiSZqsQKNX8,machine learning projects
IoUWD1h6xUs,data science
IoUWD1h6xUs,ken jee
IoUWD1h6xUs,machine learning
IoUWD1h6xUs,sports analytics
IoUWD1h6xUs,vlog
IoUWD1h6xUs,data scientist
IoUWD1h6xUs,data science journey
IoUWD1h6xUs,data science 2021
IoUWD1h6xUs,data science short
IoUWD1h6xUs,tech short
IoUWD1h6xUs,short
IoUWD1h6xUs,shorts
IoUWD1h6xUs,data science project
IoUWD1h6xUs,data science projects
IoUWD1h6xUs,data science beginner project
IoUWD1h6xUs,data science portfolio
IoUWD1h6xUs,data science tips
IoUWD1h6xUs,interview tip
7JCterBrcvk,data science
7JCterBrcvk,ken jee
7JCterBrcvk,machine learning
7JCterBrcvk,vlog
7JCterBrcvk,data scientist
7JCterBrcvk,data science journey
7JCterBrcvk,data science 2021
7JCterBrcvk,data science imposter syndrome
7JCterBrcvk,data science stress
7JCterBrcvk,data science hopeless
7JCterBrcvk,data science struggle
7JCterBrcvk,data science saturated
7JCterBrcvk,data science hard
7JCterBrcvk,data science stuck
7JCterBrcvk,data science beginners
7JCterBrcvk,data science learning
7JCterBrcvk,data science career
7JCterBrcvk,impostor syndrome
7JCterBrcvk,imposter syndrome
KU__lDJj5iU,data science
KU__lDJj5iU,ken jee
KU__lDJj5iU,machine learning
KU__lDJj5iU,vlog
KU__lDJj5iU,data scientist
KU__lDJj5iU,data science journey
KU__lDJj5iU,data science 2021
KU__lDJj5iU,data science projects
KU__lDJj5iU,data science project
KU__lDJj5iU,how data science projects pay off
KU__lDJj5iU,data science learning
KU__lDJj5iU,data science portfolio
KU__lDJj5iU,data science jobs
KU__lDJj5iU,what data science projects should i do
KU__lDJj5iU,work experience
KU__lDJj5iU,projects
KU__lDJj5iU,ken's nearest neighbors
KU__lDJj5iU,data science project ideas
KU__lDJj5iU,data science projects for beginners
KU__lDJj5iU,data science projects for resume
8nTmuKI2oyA,data science
8nTmuKI2oyA,ken jee
8nTmuKI2oyA,machine learning
8nTmuKI2oyA,vlog
8nTmuKI2oyA,data scientist
8nTmuKI2oyA,data science journey
8nTmuKI2oyA,how i use data to optimize my life
8nTmuKI2oyA,data and health
8nTmuKI2oyA,data and personal improvement
8nTmuKI2oyA,notion
8nTmuKI2oyA,notion tracking
8nTmuKI2oyA,data tracking
8nTmuKI2oyA,oura ring
8nTmuKI2oyA,how i track my data
8nTmuKI2oyA,how i analyze my own data
8nTmuKI2oyA,personal health data
8nTmuKI2oyA,sleep tracking
8nTmuKI2oyA,data science project
8nTmuKI2oyA,self optimization
8nTmuKI2oyA,personal improvement
8nTmuKI2oyA,personal growth with data
8nTmuKI2oyA,collecting my data
8nTmuKI2oyA,data tracking apps
8nTmuKI2oyA,notion notes
8nTmuKI2oyA,machine learning projects
